participant_id,inoculation,inoculation_code,item_id,stimulus_file,stim_pic_num,stimulus_party,stimulus_party_code,information_type,information_type_code,social_consensus,social_consensus_code,trial_order,discrimination,discrimination_rt_s,discrimination_question_order,we_value,we_is_correct,we_correct_answer,we_question_order,attitude,attitude_rt_s,attitude_question_order
12,Prebunk,1,011-3,011-3.png,3,KMT,0,Misinformation,1,Anger,1,23,7.050754458,6.8643107,2,6,1,6,0,3.394444444,5.512761,1
12,Prebunk,1,100-1,100-1.png,1,DPP,1,True Information,0,Like,0,21,2.92866941,7.1302014,1,0,1,0,2,8.711111111,4.6801479,0
12,Prebunk,1,100-2,100-2.png,2,DPP,1,True Information,0,Like,0,19,3.978052126,4.9072093,0,0,1,0,1,5.527777778,4.6604502,2
12,Prebunk,1,100-3,100-3.png,3,DPP,1,True Information,0,Like,0,17,3.984910837,7.4809837,2,0,1,0,0,3.394444444,5.78839,1
12,Prebunk,1,101-1,101-1.png,1,DPP,1,True Information,0,Anger,1,15,6.968449931,4.9372588,1,6,0,0,2,5.511111111,5.3692993,0
12,Prebunk,1,101-2,101-2.png,2,DPP,1,True Information,0,Anger,1,13,6.056241427,3.5272308,0,6,1,6,1,5.477777778,4.3061518,2
12,Prebunk,1,101-3,101-3.png,3,DPP,1,True Information,0,Anger,1,11,6.028806584,3.618154,2,6,1,6,0,7.555555556,6.8897259,1
12,Prebunk,1,110-1,110-1.png,1,DPP,1,Misinformation,1,Like,0,9,6.028806584,6.9419619,1,0,1,0,2,3.45,6.4317629,0
12,Prebunk,1,110-2,110-2.png,2,DPP,1,Misinformation,1,Like,0,7,6.001371742,4.483293,0,0,1,0,1,3.405555556,6.7452499,2
12,Prebunk,1,110-3,110-3.png,3,DPP,1,Misinformation,1,Like,0,5,6.076817558,5.8516052,2,0,1,0,0,7.727777778,5.6322741,1
12,Prebunk,1,111-1,111-1.png,1,DPP,1,Misinformation,1,Anger,1,3,8.511659808,7.2147252,1,6,1,6,2,3.377777778,8.066315,0
12,Prebunk,1,111-2,111-2.png,2,DPP,1,Misinformation,1,Anger,1,1,7.489711934,8.8336031,0,6,1,6,1,3.4,7.2141064,2
12,Prebunk,1,111-3,111-3.png,3,DPP,1,Misinformation,1,Anger,1,2,8.004115226,18.8971566,0,6,1,6,2,1,5.4177606,1
13,Prebunk,1,000-1,000-1.png,1,KMT,0,True Information,0,Like,0,1,1.015089163,12.971204,0,0,1,0,1,5.961111111,6.3366572,2
13,Prebunk,1,000-2,000-2.png,2,KMT,0,True Information,0,Like,0,2,6.995884774,14.9664719,0,0,1,0,2,5.527777778,4.073282,1
13,Prebunk,1,000-3,000-3.png,3,KMT,0,True Information,0,Like,0,4,3.072702332,18.9794705,2,0,1,0,1,4.65,8.1015857,0
13,Prebunk,1,001-1,001-1.png,1,KMT,0,True Information,0,Anger,1,6,5.068587106,8.6154786,1,6,1,6,0,5.505555556,4.9148362,2
13,Prebunk,1,001-2,001-2.png,2,KMT,0,True Information,0,Anger,1,8,3.998628258,5.1441059,0,0,0,6,2,7.627777778,4.4740355,1
13,Prebunk,1,001-3,001-3.png,3,KMT,0,True Information,0,Anger,1,10,3.031550069,21.0026928,2,6,1,6,1,6.794444444,5.097822,0
13,Prebunk,1,010-1,010-1.png,1,KMT,0,Misinformation,1,Like,0,12,10,2.9566776,1,0,1,0,0,1,2.9853618,2
13,Prebunk,1,010-2,010-2.png,2,KMT,0,Misinformation,1,Like,0,14,9.094650206,9.50629,0,0,1,0,2,3.561111111,5.9572132,1
13,Prebunk,1,010-3,010-3.png,3,KMT,0,Misinformation,1,Like,0,16,10,2.3309417,2,0,1,0,1,1,4.0946503,0
13,Prebunk,1,011-1,011-1.png,1,KMT,0,Misinformation,1,Anger,1,18,10,6.9992541,1,0,0,6,0,1,11.8185581,2
13,Prebunk,1,011-2,011-2.png,2,KMT,0,Misinformation,1,Anger,1,20,10,2.5771073,0,6,1,6,2,1,5.9950428,1
13,Prebunk,1,011-3,011-3.png,3,KMT,0,Misinformation,1,Anger,1,22,10,3.0372545,2,6,1,6,1,1,3.0562438,0
13,Prebunk,1,100-1,100-1.png,1,DPP,1,True Information,0,Like,0,24,7.736625514,4.8323512,1,0,1,0,0,5.544444444,3.9721979,2
13,Prebunk,1,100-2,100-2.png,2,DPP,1,True Information,0,Like,0,23,4.087791495,5.5092294,2,0,1,0,0,5.527777778,5.9012697,1
13,Prebunk,1,100-3,100-3.png,3,DPP,1,True Information,0,Like,0,21,3.984910837,3.8887391,1,6,0,0,2,7.555555556,2.6516652,0
13,Prebunk,1,101-1,101-1.png,1,DPP,1,True Information,0,Anger,1,19,2.016460905,9.6729256,0,6,0,0,1,7.661111111,4.5233065,2
13,Prebunk,1,101-2,101-2.png,2,DPP,1,True Information,0,Anger,1,17,7.537722908,11.3318764,2,6,1,6,0,6.605555556,8.033165,1
13,Prebunk,1,101-3,101-3.png,3,DPP,1,True Information,0,Anger,1,15,3.936899863,5.1570473,1,6,1,6,2,4.3,5.4666834,0
13,Prebunk,1,110-1,110-1.png,1,DPP,1,Misinformation,1,Like,0,13,10,5.3001262,0,0,1,0,1,1,2.6961746,2
13,Prebunk,1,110-2,110-2.png,2,DPP,1,Misinformation,1,Like,0,11,10,8.3265862,2,6,0,0,0,2.672222222,12.001718,1
13,Prebunk,1,110-3,110-3.png,3,DPP,1,Misinformation,1,Like,0,9,10,11.8976693,1,0,1,0,2,5.527777778,5.8823879,0
13,Prebunk,1,111-1,111-1.png,1,DPP,1,Misinformation,1,Anger,1,7,10,2.814634,0,6,1,6,1,1.111111111,4.2243831,2
13,Prebunk,1,111-2,111-2.png,2,DPP,1,Misinformation,1,Anger,1,5,10,10.0753617,2,6,1,6,0,2.65,6.665472,1
13,Prebunk,1,111-3,111-3.png,3,DPP,1,Misinformation,1,Anger,1,3,10,3.8892515,1,6,1,6,2,1,3.4616814,0
14,Control,0,000-1,000-1.png,1,KMT,0,True Information,0,Like,0,3,7.379972565,4.3546194,1,0,1,0,2,4.477777778,5.3073199,0
14,Control,0,000-2,000-2.png,2,KMT,0,True Information,0,Like,0,1,5.102880658,17.2197638,0,0,1,0,1,5.494444444,7.7283899,2
14,Control,0,000-3,000-3.png,3,KMT,0,True Information,0,Like,0,2,6.069958848,46.0751977,0,0,1,0,2,5.45,6.183285,1
14,Control,0,001-1,001-1.png,1,KMT,0,True Information,0,Anger,1,4,8.923182442,3.6388152,2,6,1,6,1,6.527777778,5.5825475,0
14,Control,0,001-2,001-2.png,2,KMT,0,True Information,0,Anger,1,6,6.604938272,13.0437612,1,6,1,6,0,5.455555556,8.5014984,2
14,Control,0,001-3,001-3.png,3,KMT,0,True Information,0,Anger,1,8,8.731138546,4.7259662,0,6,1,6,2,4.211111111,4.3685141,1
14,Control,0,010-1,010-1.png,1,KMT,0,Misinformation,1,Like,0,10,9.348422497,19.9700076,2,6,0,0,1,5.588888889,6.2251784,0
14,Control,0,010-2,010-2.png,2,KMT,0,Misinformation,1,Like,0,12,9.279835391,4.9972136,1,0,1,0,0,6.911111111,4.8327579,2
14,Control,0,010-3,010-3.png,3,KMT,0,Misinformation,1,Like,0,14,9.485596708,3.7320399,0,0,1,0,2,7.594444444,2.5902869,1
14,Control,0,011-1,011-1.png,1,KMT,0,Misinformation,1,Anger,1,16,10,3.4917975,2,6,1,6,1,6.566666667,4.1059105,0
14,Control,0,011-2,011-2.png,2,KMT,0,Misinformation,1,Anger,1,18,9.670781893,5.8705822,1,6,1,6,0,6.388888889,2.4823209,2
14,Control,0,011-3,011-3.png,3,KMT,0,Misinformation,1,Anger,1,20,9.375857339,2.5359409,0,6,1,6,2,7.65,1.8980963,1
14,Control,0,100-1,100-1.png,1,DPP,1,True Information,0,Like,0,22,1.680384088,6.197778,2,0,1,0,1,3.888888889,4.1006534,0
14,Control,0,100-2,100-2.png,2,DPP,1,True Information,0,Like,0,24,1.34430727,13.2502536,1,0,1,0,0,5.533333333,2.2047442,2
14,Control,0,100-3,100-3.png,3,DPP,1,True Information,0,Like,0,23,1.104252401,4.307021,2,0,1,0,0,6.811111111,5.8194166,1
14,Control,0,101-1,101-1.png,1,DPP,1,True Information,0,Anger,1,21,1.035665295,4.7154135,1,6,0,0,2,2.505555556,2.7921784,0
14,Control,0,101-2,101-2.png,2,DPP,1,True Information,0,Anger,1,19,1.934156379,7.6412925,0,0,0,6,1,2.544444444,4.3197668,2
14,Control,0,101-3,101-3.png,3,DPP,1,True Information,0,Anger,1,17,3.497942387,6.1583802,2,0,0,6,0,2.355555556,7.2529725,1
14,Control,0,110-1,110-1.png,1,DPP,1,Misinformation,1,Like,0,15,9.485596708,4.6317953,1,0,1,0,2,3.333333333,4.6461533,0
14,Control,0,110-2,110-2.png,2,DPP,1,Misinformation,1,Like,0,13,9.403292181,4.4957689,0,0,1,0,1,4.338888889,11.6449428,2
14,Control,0,110-3,110-3.png,3,DPP,1,Misinformation,1,Like,0,11,9.417009602,2.8987068,2,0,1,0,0,5.316666667,8.1968966,1
14,Control,0,111-1,111-1.png,1,DPP,1,Misinformation,1,Anger,1,9,8.964334705,3.8391315,1,6,1,6,2,4.55,4.078385,0
14,Control,0,111-2,111-2.png,2,DPP,1,Misinformation,1,Anger,1,7,9.074074074,5.1398029,0,6,1,6,1,4.372222222,6.2592276,2
14,Control,0,111-3,111-3.png,3,DPP,1,Misinformation,1,Anger,1,5,9.245541838,7.2357868,2,6,1,6,0,2.922222222,13.6371045,1
15,Prebunk,1,000-1,000-1.png,1,KMT,0,True Information,0,Like,0,5,2.290809328,32.1207686,2,0,1,0,0,7.327777778,5.6545816,1
15,Prebunk,1,000-2,000-2.png,2,KMT,0,True Information,0,Like,0,3,0.9327846365,43.5108704,1,0,1,0,2,6.45,30.3742589,0
15,Prebunk,1,000-3,000-3.png,3,KMT,0,True Information,0,Like,0,1,0.2949245542,52.2383936,0,0,1,0,1,7.6,14.8072746,2
15,Prebunk,1,001-1,001-1.png,1,KMT,0,True Information,0,Anger,1,2,3.689986283,26.8018764,0,0,0,6,2,5.511111111,6.0666591,1
15,Prebunk,1,001-2,001-2.png,2,KMT,0,True Information,0,Anger,1,4,2.256515775,29.5828798,2,0,0,6,1,6.366666667,19.6373653,0
15,Prebunk,1,001-3,001-3.png,3,KMT,0,True Information,0,Anger,1,6,3.882030178,27.9524729,1,0,0,6,0,5.527777778,5.0571211,2
15,Prebunk,1,010-1,010-1.png,1,KMT,0,Misinformation,1,Like,0,8,7.757201646,34.1137907,0,3,0,0,2,4.116666667,5.3042945,1
15,Prebunk,1,010-2,010-2.png,2,KMT,0,Misinformation,1,Like,0,10,8.984910837,42.4588559,2,3,0,0,1,4.466666667,4.6185266,0
15,Prebunk,1,010-3,010-3.png,3,KMT,0,Misinformation,1,Like,0,12,7.064471879,56.0824305,1,3,0,0,0,4.455555556,3.2767657,2
15,Prebunk,1,011-1,011-1.png,1,KMT,0,Misinformation,1,Anger,1,14,8.381344307,18.8002849,0,0,0,6,2,4.877777778,4.6730901,1
15,Prebunk,1,011-2,011-2.png,2,KMT,0,Misinformation,1,Anger,1,16,7.592592593,32.4745762,2,0,0,6,1,5.116666667,5.4797817,0
15,Prebunk,1,011-3,011-3.png,3,KMT,0,Misinformation,1,Anger,1,18,7.880658436,37.6021765,1,3,0,6,0,5.55,3.426475,2
15,Prebunk,1,100-1,100-1.png,1,DPP,1,True Information,0,Like,0,20,1.728395062,14.3668991,0,0,1,0,2,7.311111111,3.1535247,1
15,Prebunk,1,100-2,100-2.png,2,DPP,1,True Information,0,Like,0,22,0.7338820302,4.8073631,2,0,1,0,1,8.788888889,2.3030579,0
15,Prebunk,1,100-3,100-3.png,3,DPP,1,True Information,0,Like,0,24,2.469135802,27.4109167,1,0,1,0,0,5.594444444,2.5652474,2
15,Prebunk,1,101-1,101-1.png,1,DPP,1,True Information,0,Anger,1,23,2.620027435,8.7273376,2,0,1,0,0,5.55,20.1943388,1
15,Prebunk,1,101-2,101-2.png,2,DPP,1,True Information,0,Anger,1,21,1.399176955,41.4687539,1,0,0,6,2,8.561111111,8.2156442,0
15,Prebunk,1,101-3,101-3.png,3,DPP,1,True Information,0,Anger,1,19,2.791495199,32.5689461,0,0,0,6,1,6.472222222,4.3851853,2
15,Prebunk,1,110-1,110-1.png,1,DPP,1,Misinformation,1,Like,0,17,7.784636488,18.7125921,2,0,1,0,0,5.461111111,11.969844,1
15,Prebunk,1,110-2,110-2.png,2,DPP,1,Misinformation,1,Like,0,15,8.189300412,19.4472845,1,3,0,0,2,4.283333333,3.8272653,0
15,Prebunk,1,110-3,110-3.png,3,DPP,1,Misinformation,1,Like,0,13,7.016460905,25.5364165,0,0,1,0,1,5.522222222,5.022969,2
15,Prebunk,1,111-1,111-1.png,1,DPP,1,Misinformation,1,Anger,1,11,9.485596708,12.1926612,2,3,0,6,0,3.688888889,12.6590613,1
15,Prebunk,1,111-2,111-2.png,2,DPP,1,Misinformation,1,Anger,1,9,9.238683128,10.3703657,1,3,0,6,2,3.727777778,3.8503541,0
15,Prebunk,1,111-3,111-3.png,3,DPP,1,Misinformation,1,Anger,1,7,10,23.7139651,0,3,0,6,1,2.805555556,8.3928231,2
16,Control,0,000-1,000-1.png,1,KMT,0,True Information,0,Like,0,7,3.991769547,3.6700282,0,0,1,0,1,7.866666667,2.9998273,2
16,Control,0,000-2,000-2.png,2,KMT,0,True Information,0,Like,0,5,5.761316872,6.7129587,2,0,1,0,0,2.938888889,9.2050029,1
16,Control,0,000-3,000-3.png,3,KMT,0,True Information,0,Like,0,3,6.028806584,5.1201339,1,0,1,0,2,3.433333333,2.041585,0
16,Control,0,001-1,001-1.png,1,KMT,0,True Information,0,Anger,1,1,5.987654321,6.1456358,0,5,0,6,1,4.566666667,8.7973815,2
16,Control,0,001-2,001-2.png,2,KMT,0,True Information,0,Anger,1,2,2.962962963,2.9708004,0,0,0,6,2,6.761111111,3.0391845,1
16,Control,0,001-3,001-3.png,3,KMT,0,True Information,0,Anger,1,4,6.104252401,3.0985926,2,6,1,6,1,3.422222222,3.2932058,0
16,Control,0,010-1,010-1.png,1,KMT,0,Misinformation,1,Like,0,6,7.016460905,3.6720783,1,0,1,0,0,3.566666667,3.5570353,2
16,Control,0,010-2,010-2.png,2,KMT,0,Misinformation,1,Like,0,8,6.769547325,4.4412274,0,0,1,0,2,3.411111111,1.6141388,1
16,Control,0,010-3,010-3.png,3,KMT,0,Misinformation,1,Like,0,10,7.0781893,4.8938486,2,0,1,0,1,3.522222222,2.1093123,0
16,Control,0,011-1,011-1.png,1,KMT,0,Misinformation,1,Anger,1,12,6.893004115,8.2514755,1,6,1,6,0,2.772222222,5.8139486,2
16,Control,0,011-2,011-2.png,2,KMT,0,Misinformation,1,Anger,1,14,6.934156379,2.4527391,0,6,1,6,2,3.7,1.8065678,1
16,Control,0,011-3,011-3.png,3,KMT,0,Misinformation,1,Anger,1,16,6.920438957,5.6599019,2,0,0,6,1,1.511111111,2.4477051,0
16,Control,0,100-1,100-1.png,1,DPP,1,True Information,0,Like,0,18,4.039780521,2.3452997,1,0,1,0,0,7.577777778,3.825257,2
16,Control,0,100-2,100-2.png,2,DPP,1,True Information,0,Like,0,20,2.9218107,6.3387388,0,0,1,0,2,7.477777778,2.3480441,1
16,Control,0,100-3,100-3.png,3,DPP,1,True Information,0,Like,0,22,4.005486968,3.2238422,2,0,1,0,1,7.705555556,2.7221232,0
16,Control,0,101-1,101-1.png,1,DPP,1,True Information,0,Anger,1,24,5.823045267,4.356414,1,6,0,0,0,7.783333333,2.3107029,2
16,Control,0,101-2,101-2.png,2,DPP,1,True Information,0,Anger,1,23,4.0260631,4.5011189,2,6,1,6,0,7.066666667,4.6663481,1
16,Control,0,101-3,101-3.png,3,DPP,1,True Information,0,Anger,1,21,4.190672154,2.8687925,1,6,1,6,2,6.938888889,4.8763396,0
16,Control,0,110-1,110-1.png,1,DPP,1,Misinformation,1,Like,0,19,6.152263374,4.0544459,0,0,1,0,1,3.594444444,2.1009838,2
16,Control,0,110-2,110-2.png,2,DPP,1,Misinformation,1,Like,0,17,6.995884774,3.4049786,2,0,1,0,0,3.322222222,7.423245,1
16,Control,0,110-3,110-3.png,3,DPP,1,Misinformation,1,Like,0,15,7.023319616,3.7561354,1,0,1,0,2,3.272222222,7.1411142,0
16,Control,0,111-1,111-1.png,1,DPP,1,Misinformation,1,Anger,1,13,7.050754458,2.4541616,0,6,1,6,1,3.288888889,2.2804918,2
16,Control,0,111-2,111-2.png,2,DPP,1,Misinformation,1,Anger,1,11,9.01920439,2.1586134,2,6,1,6,0,1.3,2.4403203,1
16,Control,0,111-3,111-3.png,3,DPP,1,Misinformation,1,Anger,1,9,7.112482853,3.5437651,1,6,1,6,2,3.683333333,2.1747382,0
17,Prebunk,1,000-1,000-1.png,1,KMT,0,True Information,0,Like,0,9,4.526748971,14.3130316,1,0,1,0,2,5.538888889,4.2440322,0
17,Prebunk,1,000-2,000-2.png,2,KMT,0,True Information,0,Like,0,7,7.496570645,20.7401723,0,0,1,0,1,5.666666667,7.5189203,2
17,Prebunk,1,000-3,000-3.png,3,KMT,0,True Information,0,Like,0,5,5.013717421,15.1279543,2,0,1,0,0,6.561111111,6.3381519,1
17,Prebunk,1,001-1,001-1.png,1,KMT,0,True Information,0,Anger,1,3,6.028806584,40.8815371,1,6,1,6,2,5.566666667,5.6256474,0
17,Prebunk,1,001-2,001-2.png,2,KMT,0,True Information,0,Anger,1,1,0,14.1757731,0,6,1,6,1,7.65,20.6136261,2
17,Prebunk,1,001-3,001-3.png,3,KMT,0,True Information,0,Anger,1,2,5.027434842,21.5617458,0,6,1,6,2,5.555555556,5.3650486,1
17,Prebunk,1,010-1,010-1.png,1,KMT,0,Misinformation,1,Like,0,4,10,3.8111474,2,0,1,0,1,5.5,12.4232693,0
17,Prebunk,1,010-2,010-2.png,2,KMT,0,Misinformation,1,Like,0,6,7.030178326,9.6795291,1,0,1,0,0,5.494444444,4.395998,2
17,Prebunk,1,010-3,010-3.png,3,KMT,0,Misinformation,1,Like,0,8,10,2.5995451,0,0,1,0,2,5.483333333,3.3140957,1
17,Prebunk,1,011-1,011-1.png,1,KMT,0,Misinformation,1,Anger,1,10,8.504801097,8.1298705,2,6,1,6,1,5.572222222,10.373271,0
17,Prebunk,1,011-2,011-2.png,2,KMT,0,Misinformation,1,Anger,1,12,6.008230453,29.448504,1,0,0,6,0,5.466666667,3.2515184,2
17,Prebunk,1,011-3,011-3.png,3,KMT,0,Misinformation,1,Anger,1,14,7.524005487,6.4177487,0,6,1,6,2,5.494444444,3.2440011,1
17,Prebunk,1,100-1,100-1.png,1,DPP,1,True Information,0,Like,0,16,1.001371742,24.6484766,2,0,1,0,1,5.55,9.4310553,0
17,Prebunk,1,100-2,100-2.png,2,DPP,1,True Information,0,Like,0,18,4.986282579,6.0759252,1,0,1,0,0,5.533333333,3.3443015,2
17,Prebunk,1,100-3,100-3.png,3,DPP,1,True Information,0,Like,0,20,2.510288066,17.8851214,0,0,1,0,2,5.533333333,4.1794057,1
17,Prebunk,1,101-1,101-1.png,1,DPP,1,True Information,0,Anger,1,22,1.015089163,14.0244573,2,0,1,0,1,6.816666667,5.2001129,0
17,Prebunk,1,101-2,101-2.png,2,DPP,1,True Information,0,Anger,1,24,5.48696845,17.1607236,1,0,0,6,0,5.494444444,3.786094,2
17,Prebunk,1,101-3,101-3.png,3,DPP,1,True Information,0,Anger,1,23,6.015089163,24.1458895,2,6,1,6,0,4.2,8.789289,1
17,Prebunk,1,110-1,110-1.png,1,DPP,1,Misinformation,1,Like,0,21,8.0521262,21.9940952,1,6,0,0,2,5.516666667,22.2797274,0
17,Prebunk,1,110-2,110-2.png,2,DPP,1,Misinformation,1,Like,0,19,7.009602195,6.2483136,0,0,1,0,1,6.605555556,11.6493599,2
17,Prebunk,1,110-3,110-3.png,3,DPP,1,Misinformation,1,Like,0,17,9.0260631,7.7260214,2,6,0,0,0,5.483333333,5.0206722,1
17,Prebunk,1,111-1,111-1.png,1,DPP,1,Misinformation,1,Anger,1,15,6.508916324,23.6521092,1,6,1,6,2,5.572222222,5.2317031,0
17,Prebunk,1,111-2,111-2.png,2,DPP,1,Misinformation,1,Anger,1,13,9.005486968,6.5107466,0,6,1,6,1,5.511111111,13.1377104,2
17,Prebunk,1,111-3,111-3.png,3,DPP,1,Misinformation,1,Anger,1,11,6.502057613,22.6883872,2,6,1,6,0,5.422222222,6.3830522,1
2,Control,0,000-1,000-1.png,1,KMT,0,True Information,0,Like,0,3,8.004115226,18.4607324,1,0,1,0,2,6.427777778,47.0934459,0
2,Control,0,000-2,000-2.png,2,KMT,0,True Information,0,Like,0,1,4.012345679,40.7352674,0,0,1,0,1,6.638888889,13.2407706,2
2,Control,0,000-3,000-3.png,3,KMT,0,True Information,0,Like,0,2,6.035665295,25.2730649,0,0,1,0,2,6.622222222,10.6228665,1
2,Control,0,001-1,001-1.png,1,KMT,0,True Information,0,Anger,1,4,7.002743484,30.9610886,2,6,1,6,1,5.544444444,41.4463206,0
2,Control,0,001-2,001-2.png,2,KMT,0,True Information,0,Anger,1,6,4.039780521,42.0590332,1,6,1,6,0,6.644444444,15.381804,2
2,Control,0,001-3,001-3.png,3,KMT,0,True Information,0,Anger,1,8,3.518518519,40.4536325,0,6,1,6,2,5.511111111,6.3986312,1
2,Control,0,010-1,010-1.png,1,KMT,0,Misinformation,1,Like,0,10,6.035665295,36.325554,2,0,1,0,1,5.544444444,14.994892,0
2,Control,0,010-2,010-2.png,2,KMT,0,Misinformation,1,Like,0,12,4.50617284,37.7836,1,0,1,0,0,5.522222222,14.056615,2
2,Control,0,010-3,010-3.png,3,KMT,0,Misinformation,1,Like,0,14,4.032921811,52.462924,0,0,1,0,2,5.516666667,27.114402,1
2,Control,0,011-1,011-1.png,1,KMT,0,Misinformation,1,Anger,1,16,5,22.46251,2,6,1,6,1,5.122222222,53.803983,0
2,Control,0,011-2,011-2.png,2,KMT,0,Misinformation,1,Anger,1,18,5.013717421,70.888287,1,6,1,6,0,5.516666667,9.342519,2
2,Control,0,011-3,011-3.png,3,KMT,0,Misinformation,1,Anger,1,20,3.511659808,14.344834,0,6,1,6,2,5.494444444,5.880502,1
2,Control,0,100-1,100-1.png,1,DPP,1,True Information,0,Like,0,22,6.028806584,11.024357,2,0,1,0,1,6.094444444,16.276209,0
2,Control,0,100-2,100-2.png,2,DPP,1,True Information,0,Like,0,24,4.993141289,19.202854,1,0,1,0,0,5.511111111,3.711039,2
2,Control,0,100-3,100-3.png,3,DPP,1,True Information,0,Like,0,23,4.492455418,28.682918,2,0,1,0,0,6.661111111,8.464532,1
2,Control,0,101-1,101-1.png,1,DPP,1,True Information,0,Anger,1,21,6.021947874,15.294754,1,6,0,0,2,5.522222222,7.075484,0
2,Control,0,101-2,101-2.png,2,DPP,1,True Information,0,Anger,1,19,4.492455418,32.791552,0,0,0,6,1,6.566666667,17.427122,2
2,Control,0,101-3,101-3.png,3,DPP,1,True Information,0,Anger,1,17,5.500685871,31.981841,2,6,1,6,0,6.344444444,25.790955,1
2,Control,0,110-1,110-1.png,1,DPP,1,Misinformation,1,Like,0,15,7.133058985,16.995225,1,0,1,0,2,4.527777778,20.613629,0
2,Control,0,110-2,110-2.png,2,DPP,1,Misinformation,1,Like,0,13,8.010973937,11.625223,0,0,1,0,1,3.45,22.369602,2
2,Control,0,110-3,110-3.png,3,DPP,1,Misinformation,1,Like,0,11,5.020576132,51.356688,2,0,1,0,0,5.538888889,18.597398,1
2,Control,0,111-1,111-1.png,1,DPP,1,Misinformation,1,Anger,1,9,7.517146776,20.458472,1,6,1,6,2,4.544444444,7.313277,0
2,Control,0,111-2,111-2.png,2,DPP,1,Misinformation,1,Anger,1,7,8.53223594,11.6178268,0,6,1,6,1,3.45,22.0155252,2
2,Control,0,111-3,111-3.png,3,DPP,1,Misinformation,1,Anger,1,5,8.504801097,23.1889494,2,6,1,6,0,3.433333333,33.7679136,1
18,Control,0,000-1,000-1.png,1,KMT,0,True Information,0,Like,0,11,7.407407407,5.1460158,2,6,0,0,0,3.361111111,9.1455254,1
18,Control,0,000-2,000-2.png,2,KMT,0,True Information,0,Like,0,9,7.023319616,6.7421936,1,0,1,0,2,5.477777778,4.9225107,0
18,Control,0,000-3,000-3.png,3,KMT,0,True Information,0,Like,0,7,5.9739369,3.2399227,0,0,1,0,1,5.516666667,3.5782554,2
18,Control,0,001-1,001-1.png,1,KMT,0,True Information,0,Anger,1,5,7.990397805,5.0998266,2,6,1,6,0,3.377777778,8.0660826,1
18,Control,0,001-2,001-2.png,2,KMT,0,True Information,0,Anger,1,3,6.536351166,9.5669963,1,6,1,6,2,5.511111111,4.9270522,0
18,Control,0,001-3,001-3.png,3,KMT,0,True Information,0,Anger,1,1,10,3.943166,0,6,1,6,1,2.361111111,5.7295988,2
18,Control,0,010-1,010-1.png,1,KMT,0,Misinformation,1,Like,0,2,9.0260631,8.4378401,0,0,1,0,2,2.322222222,3.7601649,1
18,Control,0,010-2,010-2.png,2,KMT,0,Misinformation,1,Like,0,4,7.997256516,12.0645339,2,0,1,0,1,2.422222222,6.863908,0
18,Control,0,010-3,010-3.png,3,KMT,0,Misinformation,1,Like,0,6,10,3.3690922,1,0,1,0,0,1,2.4041562,2
18,Control,0,011-1,011-1.png,1,KMT,0,Misinformation,1,Anger,1,8,10,2.9857858,0,6,1,6,2,1,2.0856779,1
18,Control,0,011-2,011-2.png,2,KMT,0,Misinformation,1,Anger,1,10,10,12.5944749,2,6,1,6,1,1,3.8875087,0
18,Control,0,011-3,011-3.png,3,KMT,0,Misinformation,1,Anger,1,12,8.058984911,3.8354259,1,6,1,6,0,1,4.1273693,2
18,Control,0,100-1,100-1.png,1,DPP,1,True Information,0,Like,0,14,6.028806584,8.5143861,0,0,1,0,2,6.666666667,5.958323,1
18,Control,0,100-2,100-2.png,2,DPP,1,True Information,0,Like,0,16,3.072702332,19.1682345,2,0,1,0,1,7.6,2.9747851,0
18,Control,0,100-3,100-3.png,3,DPP,1,True Information,0,Like,0,18,7.997256516,6.1429739,1,6,0,0,0,2.277777778,3.1930558,2
18,Control,0,101-1,101-1.png,1,DPP,1,True Information,0,Anger,1,20,3.017832647,3.5289782,0,0,1,0,2,7.561111111,3.0396936,1
18,Control,0,101-2,101-2.png,2,DPP,1,True Information,0,Anger,1,22,5.953360768,8.1367077,2,6,1,6,1,6.338888889,4.5398959,0
18,Control,0,101-3,101-3.png,3,DPP,1,True Information,0,Anger,1,24,5.967078189,12.3541961,1,6,1,6,0,6.955555556,3.5010494,2
18,Control,0,110-1,110-1.png,1,DPP,1,Misinformation,1,Like,0,23,6.015089163,5.642265,2,0,1,0,0,3.322222222,3.1949498,1
18,Control,0,110-2,110-2.png,2,DPP,1,Misinformation,1,Like,0,21,3.991769547,4.626134,1,0,1,0,2,6.611111111,7.9687427,0
18,Control,0,110-3,110-3.png,3,DPP,1,Misinformation,1,Like,0,19,5.12345679,2.7099762,0,0,1,0,1,4.216666667,7.048925,2
18,Control,0,111-1,111-1.png,1,DPP,1,Misinformation,1,Anger,1,17,5.061728395,3.3851348,2,6,1,6,0,4.405555556,4.2561409,1
18,Control,0,111-2,111-2.png,2,DPP,1,Misinformation,1,Anger,1,15,6.015089163,6.285023,1,6,1,6,2,4.4,4.2829321,0
18,Control,0,111-3,111-3.png,3,DPP,1,Misinformation,1,Anger,1,13,6.632373114,3.5143037,0,6,1,6,1,5.483333333,4.503298,2
19,Prebunk,1,000-1,000-1.png,1,KMT,0,True Information,0,Like,0,13,5.452674897,4.2576453,0,0,1,0,1,6.077777778,3.6960813,2
19,Prebunk,1,000-2,000-2.png,2,KMT,0,True Information,0,Like,0,11,5.466392318,4.2370572,2,0,1,0,0,6.033333333,6.5969526,1
19,Prebunk,1,000-3,000-3.png,3,KMT,0,True Information,0,Like,0,9,5.603566529,3.1838041,1,0,1,0,2,4.983333333,2.037399,0
19,Prebunk,1,001-1,001-1.png,1,KMT,0,True Information,0,Anger,1,7,4.032921811,3.1505099,0,6,1,6,1,6.15,4.0520001,2
19,Prebunk,1,001-2,001-2.png,2,KMT,0,True Information,0,Anger,1,5,2.544581619,6.7008191,2,6,1,6,0,6.761111111,3.1887902,1
19,Prebunk,1,001-3,001-3.png,3,KMT,0,True Information,0,Anger,1,3,3.463648834,9.5701394,1,6,1,6,2,4.761111111,3.8714066,0
19,Prebunk,1,010-1,010-1.png,1,KMT,0,Misinformation,1,Like,0,1,7.606310014,9.5768036,0,0,1,0,1,3.705555556,6.1192671,2
19,Prebunk,1,010-2,010-2.png,2,KMT,0,Misinformation,1,Like,0,2,7.997256516,2.9064585,0,0,1,0,2,3.75,2.3737666,1
19,Prebunk,1,010-3,010-3.png,3,KMT,0,Misinformation,1,Like,0,4,8.491083676,5.7279239,2,0,1,0,1,4.127777778,3.078279,0
19,Prebunk,1,011-1,011-1.png,1,KMT,0,Misinformation,1,Anger,1,6,8.984910837,7.8392181,1,6,1,6,0,3.872222222,3.3628152,2
19,Prebunk,1,011-2,011-2.png,2,KMT,0,Misinformation,1,Anger,1,8,7.359396433,3.4855555,0,6,1,6,2,3.911111111,3.0988301,1
19,Prebunk,1,011-3,011-3.png,3,KMT,0,Misinformation,1,Anger,1,10,9.046639232,4.3643559,2,6,1,6,1,2.755555556,3.0578317,0
19,Prebunk,1,100-1,100-1.png,1,DPP,1,True Information,0,Like,0,12,6.021947874,2.6002463,1,0,1,0,0,6.7,2.239416,2
19,Prebunk,1,100-2,100-2.png,2,DPP,1,True Information,0,Like,0,14,4.684499314,3.8119034,0,0,1,0,2,6.855555556,2.9361788,1
19,Prebunk,1,100-3,100-3.png,3,DPP,1,True Information,0,Like,0,16,4.128943759,3.398443,2,0,1,0,1,6.905555556,2.1032382,0
19,Prebunk,1,101-1,101-1.png,1,DPP,1,True Information,0,Anger,1,18,3.950617284,6.9328664,1,6,0,0,0,6.333333333,3.983718,2
19,Prebunk,1,101-2,101-2.png,2,DPP,1,True Information,0,Anger,1,20,5.521262003,1.9183749,0,6,1,6,2,4.322222222,2.1749135,1
19,Prebunk,1,101-3,101-3.png,3,DPP,1,True Information,0,Anger,1,22,4.0260631,5.4449042,2,6,1,6,1,7.183333333,2.5003233,0
19,Prebunk,1,110-1,110-1.png,1,DPP,1,Misinformation,1,Like,0,24,8.587105624,5.8806015,1,0,1,0,0,3.233333333,2.3919822,2
19,Prebunk,1,110-2,110-2.png,2,DPP,1,Misinformation,1,Like,0,23,8.093278464,2.2080329,2,0,1,0,0,3.7,7.9174876,1
19,Prebunk,1,110-3,110-3.png,3,DPP,1,Misinformation,1,Like,0,21,6.646090535,7.0861459,1,0,1,0,2,3.755555556,2.7677288,0
19,Prebunk,1,111-1,111-1.png,1,DPP,1,Misinformation,1,Anger,1,19,6.920438957,2.3613994,0,6,1,6,1,3.961111111,1.5817336,2
19,Prebunk,1,111-2,111-2.png,2,DPP,1,Misinformation,1,Anger,1,17,8.010973937,2.3674848,2,6,1,6,0,3.394444444,3.8939512,1
19,Prebunk,1,111-3,111-3.png,3,DPP,1,Misinformation,1,Anger,1,15,7.462277092,2.8241473,1,6,1,6,2,3.427777778,2.0704808,0
20,Control,0,000-1,000-1.png,1,KMT,0,True Information,0,Like,0,15,6.138545953,5.8483508,1,0,1,0,2,7.588888889,2.4506983,0
20,Control,0,000-2,000-2.png,2,KMT,0,True Information,0,Like,0,13,5.637860082,3.8880922,0,0,1,0,1,6.816666667,2.6663421,2
20,Control,0,000-3,000-3.png,3,KMT,0,True Information,0,Like,0,11,6.680384088,5.5191394,2,0,1,0,0,6.505555556,4.5829501,1
20,Control,0,001-1,001-1.png,1,KMT,0,True Information,0,Anger,1,9,5.905349794,4.8553296,1,6,1,6,2,3.066666667,3.1199185,0
20,Control,0,001-2,001-2.png,2,KMT,0,True Information,0,Anger,1,7,6.282578875,3.4191808,0,6,1,6,1,3.022222222,5.4214819,2
20,Control,0,001-3,001-3.png,3,KMT,0,True Information,0,Anger,1,5,6.803840878,5.7215791,2,6,1,6,0,2.655555556,2.7002282,1
20,Control,0,010-1,010-1.png,1,KMT,0,Misinformation,1,Like,0,3,8.216735254,16.8211467,1,0,1,0,2,2.95,2.7371616,0
20,Control,0,010-2,010-2.png,2,KMT,0,Misinformation,1,Like,0,1,7.626886145,6.1469458,0,0,1,0,1,2.477777778,5.6669284,2
20,Control,0,010-3,010-3.png,3,KMT,0,Misinformation,1,Like,0,2,8.216735254,3.5297127,0,0,1,0,2,2.5,3.3519326,1
20,Control,0,011-1,011-1.png,1,KMT,0,Misinformation,1,Anger,1,4,7.606310014,2.9661558,2,6,1,6,1,2.6,2.6019437,0
20,Control,0,011-2,011-2.png,2,KMT,0,Misinformation,1,Anger,1,6,8.635116598,3.2575385,1,6,1,6,0,2.7,2.5129012,2
20,Control,0,011-3,011-3.png,3,KMT,0,Misinformation,1,Anger,1,8,8.113854595,2.9224204,0,6,1,6,2,2.977777778,3.440622,1
20,Control,0,100-1,100-1.png,1,DPP,1,True Information,0,Like,0,10,6.289437586,2.0752553,2,0,1,0,1,6.438888889,2.7416817,0
20,Control,0,100-2,100-2.png,2,DPP,1,True Information,0,Like,0,12,5.665294925,4.7083996,1,0,1,0,0,6.344444444,2.0951301,2
20,Control,0,100-3,100-3.png,3,DPP,1,True Information,0,Like,0,14,3.353909465,2.9446509,0,0,1,0,2,7.616666667,1.8673863,1
20,Control,0,101-1,101-1.png,1,DPP,1,True Information,0,Anger,1,16,5.960219479,3.5567992,2,6,0,0,1,6.355555556,3.5311023,0
20,Control,0,101-2,101-2.png,2,DPP,1,True Information,0,Anger,1,18,7.235939643,4.0664613,1,6,1,6,0,6.344444444,3.5010236,2
20,Control,0,101-3,101-3.png,3,DPP,1,True Information,0,Anger,1,20,6.111111111,2.9156069,0,6,1,6,2,4.261111111,4.1540614,1
20,Control,0,110-1,110-1.png,1,DPP,1,Misinformation,1,Like,0,22,9.561042524,3.1726099,2,0,1,0,1,2.188888889,2.3673262,0
20,Control,0,110-2,110-2.png,2,DPP,1,Misinformation,1,Like,0,24,9.396433471,2.156264,1,0,1,0,0,2.872222222,1.9883211,2
20,Control,0,110-3,110-3.png,3,DPP,1,Misinformation,1,Like,0,23,9.677640604,2.1387202,2,0,1,0,0,2.033333333,2.9321986,1
20,Control,0,111-1,111-1.png,1,DPP,1,Misinformation,1,Anger,1,21,9.485596708,2.3820862,1,6,1,6,2,2.438888889,2.8089252,0
20,Control,0,111-2,111-2.png,2,DPP,1,Misinformation,1,Anger,1,19,8.580246914,11.2948528,0,6,1,6,1,4.122222222,3.2282615,2
20,Control,0,111-3,111-3.png,3,DPP,1,Misinformation,1,Anger,1,17,8.196159122,3.7251686,2,6,1,6,0,4.138888889,5.6179538,1
21,Control,0,000-1,000-1.png,1,KMT,0,True Information,0,Like,0,19,5.260631001,9.767827034,0,0,1,0,1,5.405555556,4.235069036,2
21,Control,0,000-2,000-2.png,2,KMT,0,True Information,0,Like,0,17,3.882030178,4.241401911,2,0,1,0,0,7.438888889,17.13378453,1
21,Control,0,000-3,000-3.png,3,KMT,0,True Information,0,Like,0,15,5.096021948,2.222757578,1,0,1,0,2,5.472222222,12.20131922,0
21,Control,0,001-1,001-1.png,1,KMT,0,True Information,0,Anger,1,13,3.470507545,14.5145731,0,6,1,6,1,4.327777778,6.526805401,2
21,Control,0,001-2,001-2.png,2,KMT,0,True Information,0,Anger,1,11,5.521262003,2.755234241,2,6,1,6,0,5.888888889,10.10338354,1
21,Control,0,001-3,001-3.png,3,KMT,0,True Information,0,Anger,1,9,5.596707819,2.741957664,1,6,1,6,2,5.944444444,3.95346427,0
21,Control,0,010-1,010-1.png,1,KMT,0,Misinformation,1,Like,0,7,5.157750343,4.548753262,0,0,1,0,1,5.622222222,6.459078074,2
21,Control,0,010-2,010-2.png,2,KMT,0,Misinformation,1,Like,0,5,4.862825789,9.713231802,2,0,1,0,0,7.105555556,8.891934872,1
21,Control,0,010-3,010-3.png,3,KMT,0,Misinformation,1,Like,0,3,5.061728395,11.64701772,1,0,1,0,2,5.727777778,10.87432742,0
21,Control,0,011-1,011-1.png,1,KMT,0,Misinformation,1,Anger,1,1,5.013717421,14.19297361,0,6,1,6,1,5.522222222,6.878380299,2
21,Control,0,011-2,011-2.png,2,KMT,0,Misinformation,1,Anger,1,2,5.027434842,20.77314496,0,6,1,6,2,5.594444444,4.328633547,1
21,Control,0,011-3,011-3.png,3,KMT,0,Misinformation,1,Anger,1,4,4.561042524,24.09076571,2,3,0,6,1,5.633333333,6.590820789,0
21,Control,0,100-1,100-1.png,1,DPP,1,True Information,0,Like,0,6,4.053497942,25.36294055,1,0,1,0,0,6.305555556,6.508401871,2
21,Control,0,100-2,100-2.png,2,DPP,1,True Information,0,Like,0,8,5.219478738,4.762507439,0,0,1,0,2,5.922222222,2.438816071,1
21,Control,0,100-3,100-3.png,3,DPP,1,True Information,0,Like,0,10,5.459533608,4.439837694,2,0,1,0,1,6.561111111,8.271193504,0
21,Control,0,101-1,101-1.png,1,DPP,1,True Information,0,Anger,1,12,5.164609053,6.369255304,1,6,0,0,0,6.061111111,1.643965483,2
21,Control,0,101-2,101-2.png,2,DPP,1,True Information,0,Anger,1,14,4.705075446,9.062640667,0,6,1,6,2,6.583333333,2.414513111,1
21,Control,0,101-3,101-3.png,3,DPP,1,True Information,0,Anger,1,16,4.588477366,2.033465862,2,6,1,6,1,6.072222222,3.537296772,0
21,Control,0,110-1,110-1.png,1,DPP,1,Misinformation,1,Like,0,18,5.274348422,24.68828416,1,0,1,0,0,6.083333333,1.609351635,2
21,Control,0,110-2,110-2.png,2,DPP,1,Misinformation,1,Like,0,20,4.903978052,4.914064884,0,0,1,0,2,5.644444444,1.930059671,1
21,Control,0,110-3,110-3.png,3,DPP,1,Misinformation,1,Like,0,22,4.677640604,3.701954842,2,0,1,0,1,6.294444444,5.247664928,0
21,Control,0,111-1,111-1.png,1,DPP,1,Misinformation,1,Anger,1,24,5.425240055,4.947035074,1,6,1,6,0,5.155555556,1.633256674,2
21,Control,0,111-2,111-2.png,2,DPP,1,Misinformation,1,Anger,1,23,5.679012346,2.095538616,2,6,1,6,0,5.344444444,8.922251701,1
21,Control,0,111-3,111-3.png,3,DPP,1,Misinformation,1,Anger,1,21,4.945130316,1.752279282,1,6,1,6,2,5.794444444,2.444591284,0
22,Prebunk,1,000-1,000-1.png,1,KMT,0,True Information,0,Like,0,21,4.053497942,4.3602177,1,0,1,0,2,6.461111111,2.4934939,0
22,Prebunk,1,000-2,000-2.png,2,KMT,0,True Information,0,Like,0,19,4.060356653,5.327309,0,0,1,0,1,6.727777778,2.9011559,2
22,Prebunk,1,000-3,000-3.png,3,KMT,0,True Information,0,Like,0,17,6.001371742,4.0896515,2,0,1,0,0,6.411111111,5.0615206,1
22,Prebunk,1,001-1,001-1.png,1,KMT,0,True Information,0,Anger,1,15,5,29.8086356,1,6,1,6,2,7.05,3.1611381,0
22,Prebunk,1,001-2,001-2.png,2,KMT,0,True Information,0,Anger,1,13,3.930041152,3.9733926,0,6,1,6,1,3.355555556,2.2901767,2
22,Prebunk,1,001-3,001-3.png,3,KMT,0,True Information,0,Anger,1,11,3.943758573,3.491085,2,6,1,6,0,6.905555556,4.6583676,1
22,Prebunk,1,010-1,010-1.png,1,KMT,0,Misinformation,1,Like,0,9,8.031550069,2.9974767,1,0,1,0,2,4.4,4.1839132,0
22,Prebunk,1,010-2,010-2.png,2,KMT,0,Misinformation,1,Like,0,7,7.037037037,4.3122813,0,0,1,0,1,4.666666667,4.108788,2
22,Prebunk,1,010-3,010-3.png,3,KMT,0,Misinformation,1,Like,0,5,9.176954733,4.2599088,2,0,1,0,0,5.283333333,3.8967961,1
22,Prebunk,1,011-1,011-1.png,1,KMT,0,Misinformation,1,Anger,1,3,10,8.1707348,1,6,1,6,2,5.311111111,4.0880763,0
22,Prebunk,1,011-2,011-2.png,2,KMT,0,Misinformation,1,Anger,1,1,7.023319616,3.5753183,0,6,1,6,1,6.25,5.6069165,2
22,Prebunk,1,011-3,011-3.png,3,KMT,0,Misinformation,1,Anger,1,2,10,2.4575479,0,6,1,6,2,5.394444444,4.68944,1
22,Prebunk,1,100-1,100-1.png,1,DPP,1,True Information,0,Like,0,4,4.01920439,10.5753657,2,0,1,0,1,6.533333333,4.7090511,0
22,Prebunk,1,100-2,100-2.png,2,DPP,1,True Information,0,Like,0,6,1.989026063,7.9375098,1,0,1,0,0,6.644444444,3.5165369,2
22,Prebunk,1,100-3,100-3.png,3,DPP,1,True Information,0,Like,0,8,4.039780521,3.3511729,0,0,1,0,2,7.155555556,6.2922932,1
22,Prebunk,1,101-1,101-1.png,1,DPP,1,True Information,0,Anger,1,10,5.987654321,6.4024121,2,6,0,0,1,7.733333333,7.4107948,0
22,Prebunk,1,101-2,101-2.png,2,DPP,1,True Information,0,Anger,1,12,3.957475995,6.500777,1,6,1,6,0,3.183333333,3.884219,2
22,Prebunk,1,101-3,101-3.png,3,DPP,1,True Information,0,Anger,1,14,3.936899863,4.7579477,0,6,1,6,2,6.822222222,2.9142253,1
22,Prebunk,1,110-1,110-1.png,1,DPP,1,Misinformation,1,Like,0,16,10,5.0773374,2,6,0,0,1,4.294444444,2.4728516,0
22,Prebunk,1,110-2,110-2.png,2,DPP,1,Misinformation,1,Like,0,18,10,4.5600529,1,0,1,0,0,4.388888889,6.0004515,2
22,Prebunk,1,110-3,110-3.png,3,DPP,1,Misinformation,1,Like,0,20,7.139917695,5.3657784,0,0,1,0,2,7.122222222,4.1995233,1
22,Prebunk,1,111-1,111-1.png,1,DPP,1,Misinformation,1,Anger,1,22,6.028806584,3.4620164,2,6,1,6,1,4.5,4.1906248,0
22,Prebunk,1,111-2,111-2.png,2,DPP,1,Misinformation,1,Anger,1,24,9.012345679,2.6083871,1,6,1,6,0,3.7,3.2189452,2
22,Prebunk,1,111-3,111-3.png,3,DPP,1,Misinformation,1,Anger,1,23,8.991769547,3.4343997,2,6,1,6,0,4.255555556,3.0026565,1
23,Control,0,000-1,000-1.png,1,KMT,0,True Information,0,Like,0,23,2.057613169,4.480096579,2,0,1,0,0,7.555555556,2.230533123,1
23,Control,0,000-2,000-2.png,2,KMT,0,True Information,0,Like,0,21,4.005486968,5.87607789,1,0,1,0,2,7.694444444,5.23951292,0
23,Control,0,000-3,000-3.png,3,KMT,0,True Information,0,Like,0,19,1.680384088,2.971448421,0,0,1,0,1,8.788888889,2.708857059,2
23,Control,0,001-1,001-1.png,1,KMT,0,True Information,0,Anger,1,17,8.820301783,9.31320858,2,6,1,6,0,6.972222222,1.670163155,1
23,Control,0,001-2,001-2.png,2,KMT,0,True Information,0,Anger,1,15,2.92866941,3.932496548,1,6,1,6,2,8.761111111,2.665833235,0
23,Control,0,001-3,001-3.png,3,KMT,0,True Information,0,Anger,1,13,1.934156379,3.725481033,0,6,1,6,1,8.833333333,3.744477749,2
23,Control,0,010-1,010-1.png,1,KMT,0,Misinformation,1,Like,0,11,6.961591221,5.62481451,2,0,1,0,0,3.422222222,2.974009752,1
23,Control,0,010-2,010-2.png,2,KMT,0,Misinformation,1,Like,0,9,5.987654321,3.316043854,1,0,1,0,2,6.25,3.779603481,0
23,Control,0,010-3,010-3.png,3,KMT,0,Misinformation,1,Like,0,7,9.01920439,3.337450027,0,0,1,0,1,6.516666667,10.37011647,2
23,Control,0,011-1,011-1.png,1,KMT,0,Misinformation,1,Anger,1,5,6.995884774,5.906485796,2,6,1,6,0,3.427777778,2.085131884,1
23,Control,0,011-2,011-2.png,2,KMT,0,Misinformation,1,Anger,1,3,7.016460905,5.47268796,1,6,1,6,2,3.361111111,5.660945415,0
23,Control,0,011-3,011-3.png,3,KMT,0,Misinformation,1,Anger,1,1,6.872427984,8.313252211,0,6,1,6,1,3.505555556,5.813084841,2
23,Control,0,100-1,100-1.png,1,DPP,1,True Information,0,Like,0,2,9.958847737,1.598160028,0,0,1,0,2,3.433333333,2.949035645,1
23,Control,0,100-2,100-2.png,2,DPP,1,True Information,0,Like,0,4,2.969821674,6.095729351,2,0,1,0,1,7.638888889,3.710968018,0
23,Control,0,100-3,100-3.png,3,DPP,1,True Information,0,Like,0,6,3.90260631,10.95921707,1,0,1,0,0,5.477777778,4.088271618,2
23,Control,0,101-1,101-1.png,1,DPP,1,True Information,0,Anger,1,8,6.982167353,5.18272543,0,6,0,0,2,2.622222222,4.161173105,1
23,Control,0,101-2,101-2.png,2,DPP,1,True Information,0,Anger,1,10,7.009602195,6.847253323,2,6,1,6,1,4.505555556,4.12381506,0
23,Control,0,101-3,101-3.png,3,DPP,1,True Information,0,Anger,1,12,3.04526749,3.915019035,1,6,1,6,0,7.561111111,3.331193924,2
23,Control,0,110-1,110-1.png,1,DPP,1,Misinformation,1,Like,0,14,9.465020576,5.91088748,0,0,1,0,2,2.161111111,3.287514448,1
23,Control,0,110-2,110-2.png,2,DPP,1,Misinformation,1,Like,0,16,8.799725652,4.431940317,2,6,0,0,1,3.133333333,2.231558323,0
23,Control,0,110-3,110-3.png,3,DPP,1,Misinformation,1,Like,0,18,9.060356653,5.954251051,1,0,1,0,0,2.266666667,3.137178898,2
23,Control,0,111-1,111-1.png,1,DPP,1,Misinformation,1,Anger,1,20,8.971193416,2.325871468,0,0,0,6,2,3.888888889,3.096612215,1
23,Control,0,111-2,111-2.png,2,DPP,1,Misinformation,1,Anger,1,22,8.991769547,11.4368453,2,6,1,6,1,2.455555556,2.52011776,0
23,Control,0,111-3,111-3.png,3,DPP,1,Misinformation,1,Anger,1,24,9.958847737,4.579809904,1,0,0,6,0,1.877777778,2.422775745,2
24,Prebunk,1,000-1,000-1.png,1,KMT,0,True Information,0,Like,0,24,4.341563786,3.4392461,1,0,1,0,0,5.216666667,2.4204623,2
24,Prebunk,1,000-2,000-2.png,2,KMT,0,True Information,0,Like,0,23,3.264746228,2.5769069,2,0,1,0,0,6.427777778,1.7236134,1
24,Prebunk,1,000-3,000-3.png,3,KMT,0,True Information,0,Like,0,21,1.282578875,4.5145078,1,0,1,0,2,4.655555556,2.3863635,0
24,Prebunk,1,001-1,001-1.png,1,KMT,0,True Information,0,Anger,1,19,4.773662551,2.4452843,0,6,1,6,1,4.588888889,2.5405905,2
24,Prebunk,1,001-2,001-2.png,2,KMT,0,True Information,0,Anger,1,17,4.087791495,3.0527798,2,6,1,6,0,5.222222222,2.5937564,1
24,Prebunk,1,001-3,001-3.png,3,KMT,0,True Information,0,Anger,1,15,5.452674897,2.7628159,1,6,1,6,2,2.294444444,2.6318313,0
24,Prebunk,1,010-1,010-1.png,1,KMT,0,Misinformation,1,Like,0,13,8.353909465,5.4028844,0,0,1,0,1,3.955555556,3.5080617,2
24,Prebunk,1,010-2,010-2.png,2,KMT,0,Misinformation,1,Like,0,11,8.621399177,2.4175733,2,0,1,0,0,4.705555556,5.884119,1
24,Prebunk,1,010-3,010-3.png,3,KMT,0,Misinformation,1,Like,0,9,9.334705075,2.0684531,1,0,1,0,2,3.544444444,2.6115439,0
24,Prebunk,1,011-1,011-1.png,1,KMT,0,Misinformation,1,Anger,1,7,8.031550069,2.4776828,0,6,1,6,1,3.511111111,2.5263636,2
24,Prebunk,1,011-2,011-2.png,2,KMT,0,Misinformation,1,Anger,1,5,9.087791495,2.4495174,2,6,1,6,0,1.683333333,2.7486136,1
24,Prebunk,1,011-3,011-3.png,3,KMT,0,Misinformation,1,Anger,1,3,9.663923182,3.2526678,1,6,1,6,2,2.527777778,6.7622335,0
24,Prebunk,1,100-1,100-1.png,1,DPP,1,True Information,0,Like,0,1,3.566529492,3.310735,0,0,1,0,1,8.888888889,2.6971666,2
24,Prebunk,1,100-2,100-2.png,2,DPP,1,True Information,0,Like,0,2,1.399176955,2.9026516,0,0,1,0,2,9.405555556,2.6553619,1
24,Prebunk,1,100-3,100-3.png,3,DPP,1,True Information,0,Like,0,4,4.650205761,2.8032187,2,0,1,0,1,5.383333333,2.4887758,0
24,Prebunk,1,101-1,101-1.png,1,DPP,1,True Information,0,Anger,1,6,4.334705075,3.3274822,1,6,0,0,0,6.3,2.5091913,2
24,Prebunk,1,101-2,101-2.png,2,DPP,1,True Information,0,Anger,1,8,7.544581619,4.8714162,0,6,1,6,2,5.077777778,2.7864411,1
24,Prebunk,1,101-3,101-3.png,3,DPP,1,True Information,0,Anger,1,10,4.252400549,3.4054976,2,6,1,6,1,4.65,3.005239,0
24,Prebunk,1,110-1,110-1.png,1,DPP,1,Misinformation,1,Like,0,12,8.189300412,2.7362297,1,0,1,0,0,5.072222222,2.451512,2
24,Prebunk,1,110-2,110-2.png,2,DPP,1,Misinformation,1,Like,0,14,9.314128944,3.2920955,0,0,1,0,2,3.888888889,2.8148266,1
24,Prebunk,1,110-3,110-3.png,3,DPP,1,Misinformation,1,Like,0,16,6.982167353,3.0850988,2,0,1,0,1,4.811111111,3.1063222,0
24,Prebunk,1,111-1,111-1.png,1,DPP,1,Misinformation,1,Anger,1,18,6.70781893,6.1473535,1,6,1,6,0,3.4,2.7678435,2
24,Prebunk,1,111-2,111-2.png,2,DPP,1,Misinformation,1,Anger,1,20,9.63648834,2.0445182,0,6,1,6,2,1.544444444,3.5827645,1
24,Prebunk,1,111-3,111-3.png,3,DPP,1,Misinformation,1,Anger,1,22,8.77914952,1.4303448,2,6,1,6,1,2.477777778,2.6606738,0
3,Prebunk,1,000-1,000-1.png,1,KMT,0,True Information,0,Like,0,5,7.002743484,6.5924018,2,0,1,0,0,3.494444444,4.8632452,1
3,Prebunk,1,000-2,000-2.png,2,KMT,0,True Information,0,Like,0,3,7.0781893,5.0792154,1,0,1,0,2,5.494444444,14.5899763,0
3,Prebunk,1,000-3,000-3.png,3,KMT,0,True Information,0,Like,0,1,6.069958848,15.0070298,0,3,0,0,1,7.7,6.9651866,2
3,Prebunk,1,001-1,001-1.png,1,KMT,0,True Information,0,Anger,1,2,2.016460905,16.1675884,0,6,1,6,2,7.6,4.1804841,1
3,Prebunk,1,001-2,001-2.png,2,KMT,0,True Information,0,Anger,1,4,2.997256516,10.5703244,2,0,0,6,1,3.472222222,6.9889273,0
3,Prebunk,1,001-3,001-3.png,3,KMT,0,True Information,0,Anger,1,6,7.085048011,4.9763635,1,6,1,6,0,1,3.4082576,2
3,Prebunk,1,010-1,010-1.png,1,KMT,0,Misinformation,1,Like,0,8,2.050754458,4.6575829,0,0,1,0,2,7.633333333,3.8767607,1
3,Prebunk,1,010-2,010-2.png,2,KMT,0,Misinformation,1,Like,0,10,4.046639232,11.0499679,2,0,1,0,1,7.666666667,4.0182519,0
3,Prebunk,1,010-3,010-3.png,3,KMT,0,Misinformation,1,Like,0,12,7.983539095,6.5180469,1,0,1,0,0,3.505555556,3.3381916,2
3,Prebunk,1,011-1,011-1.png,1,KMT,0,Misinformation,1,Anger,1,14,7.976680384,3.3748178,0,0,0,6,2,3.4,5.0636748,1
3,Prebunk,1,011-2,011-2.png,2,KMT,0,Misinformation,1,Anger,1,16,5.98079561,3.4701952,2,6,1,6,1,3.433333333,4.5611895,0
3,Prebunk,1,011-3,011-3.png,3,KMT,0,Misinformation,1,Anger,1,18,5.994513032,8.4474553,1,6,1,6,0,5.577777778,3.2017989,2
3,Prebunk,1,100-1,100-1.png,1,DPP,1,True Information,0,Like,0,20,3.0521262,4.0610258,0,0,1,0,2,7.766666667,2.6801097,1
3,Prebunk,1,100-2,100-2.png,2,DPP,1,True Information,0,Like,0,22,1.982167353,6.9216176,2,0,1,0,1,9.888888889,2.8509052,0
3,Prebunk,1,100-3,100-3.png,3,DPP,1,True Information,0,Like,0,24,0,3.0386884,1,0,1,0,0,10,3.0117921,2
3,Prebunk,1,101-1,101-1.png,1,DPP,1,True Information,0,Anger,1,23,0,9.1845111,2,6,0,0,0,7.55,4.9164694,1
3,Prebunk,1,101-2,101-2.png,2,DPP,1,True Information,0,Anger,1,21,4.01920439,5.6402401,1,6,1,6,2,3.288888889,3.0742721,0
3,Prebunk,1,101-3,101-3.png,3,DPP,1,True Information,0,Anger,1,19,4.039780521,9.0823979,0,6,1,6,1,7.594444444,4.2347832,2
3,Prebunk,1,110-1,110-1.png,1,DPP,1,Misinformation,1,Like,0,17,4.938271605,3.3014141,2,6,0,0,0,5.527777778,9.377415,1
3,Prebunk,1,110-2,110-2.png,2,DPP,1,Misinformation,1,Like,0,15,6.063100137,5.1323931,1,0,1,0,2,5.516666667,6.6449228,0
3,Prebunk,1,110-3,110-3.png,3,DPP,1,Misinformation,1,Like,0,13,7.030178326,6.5862321,0,0,1,0,1,5.555555556,5.0609027,2
3,Prebunk,1,111-1,111-1.png,1,DPP,1,Misinformation,1,Anger,1,11,6.982167353,7.8062835,2,6,1,6,0,7.733333333,9.6563162,1
3,Prebunk,1,111-2,111-2.png,2,DPP,1,Misinformation,1,Anger,1,9,6.989026063,4.6495142,1,6,1,6,2,3.427777778,3.9236404,0
3,Prebunk,1,111-3,111-3.png,3,DPP,1,Misinformation,1,Anger,1,7,2.07133059,5.0444268,0,6,1,6,1,1.194444444,4.5887479,2
25,Control,0,000-1,000-1.png,1,KMT,0,True Information,0,Like,0,18,0,9.350552559,1,0,1,0,0,10,3.143115997,2
25,Control,0,000-2,000-2.png,2,KMT,0,True Information,0,Like,0,20,0,6.878367424,0,0,1,0,2,9.983333333,4.926768303,1
25,Control,0,000-3,000-3.png,3,KMT,0,True Information,0,Like,0,22,0.7064471879,4.872295856,2,0,1,0,1,10,3.206490517,0
25,Control,0,001-1,001-1.png,1,KMT,0,True Information,0,Anger,1,24,0.8093278464,19.3324914,1,0,0,6,0,8.961111111,4.006097555,2
25,Control,0,001-2,001-2.png,2,KMT,0,True Information,0,Anger,1,23,0.5144032922,5.876833677,2,6,1,6,0,9.272222222,7.376781702,1
25,Control,0,001-3,001-3.png,3,KMT,0,True Information,0,Anger,1,21,1.138545953,5.411467075,1,6,1,6,2,7.688888889,11.33905816,0
25,Control,0,010-1,010-1.png,1,KMT,0,Misinformation,1,Like,0,19,1.810699588,6.935479164,0,6,0,0,1,9.461111111,5.061331272,2
25,Control,0,010-2,010-2.png,2,KMT,0,Misinformation,1,Like,0,17,8.374485597,3.509152412,2,6,0,0,0,9.477777778,24.42318964,1
25,Control,0,010-3,010-3.png,3,KMT,0,Misinformation,1,Like,0,15,9.046639232,4.101648808,1,0,1,0,2,9.066666667,19.50257659,0
25,Control,0,011-1,011-1.png,1,KMT,0,Misinformation,1,Anger,1,13,8.882030178,31.86656618,0,6,1,6,1,9.094444444,7.029578209,2
25,Control,0,011-2,011-2.png,2,KMT,0,Misinformation,1,Anger,1,11,9.62962963,2.58202076,2,0,0,6,0,2.216666667,18.07175684,1
25,Control,0,011-3,011-3.png,3,KMT,0,Misinformation,1,Anger,1,9,8.312757202,15.8646791,1,6,1,6,2,8.572222222,18.17914844,0
25,Control,0,100-1,100-1.png,1,DPP,1,True Information,0,Like,0,7,8.724279835,16.97271276,0,0,1,0,1,8.233333333,4.713048458,2
25,Control,0,100-2,100-2.png,2,DPP,1,True Information,0,Like,0,5,6.502057613,5.87571311,2,0,1,0,0,9.622222222,5.57026124,1
25,Control,0,100-3,100-3.png,3,DPP,1,True Information,0,Like,0,3,1.042524005,7.693026066,1,0,1,0,2,8.777777778,14.43761039,0
25,Control,0,101-1,101-1.png,1,DPP,1,True Information,0,Anger,1,1,9.368998628,9.424155951,0,6,0,0,1,1.45,11.13902903,2
25,Control,0,101-2,101-2.png,2,DPP,1,True Information,0,Anger,1,2,9.773662551,6.654151201,0,6,1,6,2,1,3.212897539,1
25,Control,0,101-3,101-3.png,3,DPP,1,True Information,0,Anger,1,4,9.410150892,3.963820934,2,6,1,6,1,1.961111111,14.69999933,0
25,Control,0,110-1,110-1.png,1,DPP,1,Misinformation,1,Like,0,6,10,3.942909002,1,0,1,0,0,1.422222222,5.312779427,2
25,Control,0,110-2,110-2.png,2,DPP,1,Misinformation,1,Like,0,8,9.314128944,4.48074913,0,0,1,0,2,1.577777778,5.079271793,1
25,Control,0,110-3,110-3.png,3,DPP,1,Misinformation,1,Like,0,10,8.998628258,12.77592301,2,0,1,0,1,9.205555556,16.47927737,0
25,Control,0,111-1,111-1.png,1,DPP,1,Misinformation,1,Anger,1,12,1.536351166,21.07697153,1,0,0,6,0,8.694444444,14.23735547,2
25,Control,0,111-2,111-2.png,2,DPP,1,Misinformation,1,Anger,1,14,9.355281207,15.41451001,0,6,1,6,2,2.305555556,10.33544564,1
25,Control,0,111-3,111-3.png,3,DPP,1,Misinformation,1,Anger,1,16,9.519890261,7.23157382,2,6,1,6,1,1,24.34497237,0
26,Prebunk,1,000-1,000-1.png,1,KMT,0,True Information,0,Like,0,16,1.227709191,3.209872,2,0,1,0,1,5.694444444,2.2703784,0
26,Prebunk,1,000-2,000-2.png,2,KMT,0,True Information,0,Like,0,18,0.7270233196,6.3862953,1,0,1,0,0,5.572222222,2.0239952,2
26,Prebunk,1,000-3,000-3.png,3,KMT,0,True Information,0,Like,0,20,0.9739368999,2.4620001,0,0,1,0,2,5.788888889,1.6949334,1
26,Prebunk,1,001-1,001-1.png,1,KMT,0,True Information,0,Anger,1,22,1.961591221,2.6333886,2,6,1,6,1,5.722222222,2.0467009,0
26,Prebunk,1,001-2,001-2.png,2,KMT,0,True Information,0,Anger,1,24,0.5075445816,6.3493286,1,6,1,6,0,10,1.7707997,2
26,Prebunk,1,001-3,001-3.png,3,KMT,0,True Information,0,Anger,1,23,0.4046639232,3.2492644,2,6,1,6,0,9.122222222,3.6091001,1
26,Prebunk,1,010-1,010-1.png,1,KMT,0,Misinformation,1,Like,0,21,10,1.7432446,1,0,1,0,2,1.5,2.2230454,0
26,Prebunk,1,010-2,010-2.png,2,KMT,0,Misinformation,1,Like,0,19,2.023319616,7.1017512,0,0,1,0,1,7.572222222,2.6590171,2
26,Prebunk,1,010-3,010-3.png,3,KMT,0,Misinformation,1,Like,0,17,10,1.5036468,2,0,1,0,0,1,1.7890154,1
26,Prebunk,1,011-1,011-1.png,1,KMT,0,Misinformation,1,Anger,1,15,10,1.9361874,1,6,1,6,2,3.416666667,2.0892572,0
26,Prebunk,1,011-2,011-2.png,2,KMT,0,Misinformation,1,Anger,1,13,8.017832647,2.6129367,0,6,1,6,1,3.483333333,2.375309,2
26,Prebunk,1,011-3,011-3.png,3,KMT,0,Misinformation,1,Anger,1,11,10,1.9544118,2,6,1,6,0,1.122222222,2.374556,1
26,Prebunk,1,100-1,100-1.png,1,DPP,1,True Information,0,Like,0,9,7.997256516,8.4454173,1,0,1,0,2,5.522222222,2.1500664,0
26,Prebunk,1,100-2,100-2.png,2,DPP,1,True Information,0,Like,0,7,3.936899863,5.972466,0,0,1,0,1,5.594444444,3.8451425,2
26,Prebunk,1,100-3,100-3.png,3,DPP,1,True Information,0,Like,0,5,4.910836763,16.7187491,2,0,1,0,0,7.65,5.1237481,1
26,Prebunk,1,101-1,101-1.png,1,DPP,1,True Information,0,Anger,1,3,0,2.7132625,1,6,0,0,2,9.65,11.7136964,0
26,Prebunk,1,101-2,101-2.png,2,DPP,1,True Information,0,Anger,1,1,10,6.4868343,0,6,1,6,1,5.611111111,4.0929768,2
26,Prebunk,1,101-3,101-3.png,3,DPP,1,True Information,0,Anger,1,2,1.95473251,9.1236265,0,6,1,6,2,5.511111111,2.7595863,1
26,Prebunk,1,110-1,110-1.png,1,DPP,1,Misinformation,1,Like,0,4,10,3.0657043,2,6,0,0,1,1,2.6130228,0
26,Prebunk,1,110-2,110-2.png,2,DPP,1,Misinformation,1,Like,0,6,10,3.8893422,1,6,0,0,0,5.466666667,2.7887922,2
26,Prebunk,1,110-3,110-3.png,3,DPP,1,Misinformation,1,Like,0,8,10,2.3142908,0,0,1,0,2,5.627777778,3.1824012,1
26,Prebunk,1,111-1,111-1.png,1,DPP,1,Misinformation,1,Anger,1,10,10,1.4182587,2,6,1,6,1,5.505555556,2.2001885,0
26,Prebunk,1,111-2,111-2.png,2,DPP,1,Misinformation,1,Anger,1,12,8.141289438,2.1623702,1,6,1,6,0,3.188888889,2.5727241,2
26,Prebunk,1,111-3,111-3.png,3,DPP,1,Misinformation,1,Anger,1,14,6.927297668,2.6185644,0,6,1,6,2,1,2.2650689,1
27,Control,0,000-1,000-1.png,1,KMT,0,True Information,0,Like,0,14,3.463648834,3.07788372,0,0,1,0,2,7.827777778,2.5756073,1
27,Control,0,000-2,000-2.png,2,KMT,0,True Information,0,Like,0,16,5.555555556,7.380703926,2,0,1,0,1,7.783333333,11.28359246,0
27,Control,0,000-3,000-3.png,3,KMT,0,True Information,0,Like,0,18,5.836762689,10.58670974,1,6,0,0,0,9.166666667,2.795243979,2
27,Control,0,001-1,001-1.png,1,KMT,0,True Information,0,Anger,1,20,0.9807956104,12.12140226,0,0,0,6,2,7.738888889,3.082581997,1
27,Control,0,001-2,001-2.png,2,KMT,0,True Information,0,Anger,1,22,6.529492455,5.155875206,2,6,1,6,1,3.311111111,3.866256714,0
27,Control,0,001-3,001-3.png,3,KMT,0,True Information,0,Anger,1,24,3.888888889,13.27556062,1,6,1,6,0,6.666666667,2.13189435,2
27,Control,0,010-1,010-1.png,1,KMT,0,Misinformation,1,Like,0,23,3.360768176,4.689803123,2,0,1,0,0,2.955555556,3.130623341,1
27,Control,0,010-2,010-2.png,2,KMT,0,Misinformation,1,Like,0,21,9.355281207,9.816703796,1,6,0,0,2,4.266666667,5.971541643,0
27,Control,0,010-3,010-3.png,3,KMT,0,Misinformation,1,Like,0,19,8.614540466,2.850087643,0,0,1,0,1,4.111111111,4.428893328,2
27,Control,0,011-1,011-1.png,1,KMT,0,Misinformation,1,Anger,1,17,9.746227709,2.403054953,2,6,1,6,0,1.372222222,12.940413,1
27,Control,0,011-2,011-2.png,2,KMT,0,Misinformation,1,Anger,1,15,7.654320988,2.285650969,1,6,1,6,2,7.583333333,6.678136587,0
27,Control,0,011-3,011-3.png,3,KMT,0,Misinformation,1,Anger,1,13,6.58436214,2.899065495,0,0,0,6,1,3.383333333,3.490579128,2
27,Control,0,100-1,100-1.png,1,DPP,1,True Information,0,Like,0,11,1.275720165,5.043159485,2,0,1,0,0,3.472222222,14.93761301,1
27,Control,0,100-2,100-2.png,2,DPP,1,True Information,0,Like,0,9,0.04115226337,6.458876848,1,0,1,0,2,2.216666667,3.575203657,0
27,Control,0,100-3,100-3.png,3,DPP,1,True Information,0,Like,0,7,6.769547325,4.50061965,0,0,1,0,1,9.744444444,14.24989986,2
27,Control,0,101-1,101-1.png,1,DPP,1,True Information,0,Anger,1,5,6.522633745,3.031534672,2,0,1,0,0,7.377777778,11.44587874,1
27,Control,0,101-2,101-2.png,2,DPP,1,True Information,0,Anger,1,3,6.076817558,4.831172705,1,0,0,6,2,3.411111111,3.20187521,0
27,Control,0,101-3,101-3.png,3,DPP,1,True Information,0,Anger,1,1,3.984910837,6.689469337,0,0,0,6,1,3.394444444,4.546164274,2
27,Control,0,110-1,110-1.png,1,DPP,1,Misinformation,1,Like,0,2,6.975308642,4.235869408,0,0,1,0,2,3.522222222,4.064450979,1
27,Control,0,110-2,110-2.png,2,DPP,1,Misinformation,1,Like,0,4,3.024691358,2.004884243,2,0,1,0,1,3.322222222,2.870266438,0
27,Control,0,110-3,110-3.png,3,DPP,1,Misinformation,1,Like,0,6,6.934156379,5.184873819,1,0,1,0,0,3.505555556,4.981181383,2
27,Control,0,111-1,111-1.png,1,DPP,1,Misinformation,1,Anger,1,8,9.855967078,5.833802462,0,6,1,6,2,1.677777778,5.569195509,1
27,Control,0,111-2,111-2.png,2,DPP,1,Misinformation,1,Anger,1,10,3.017832647,7.235301971,2,6,1,6,1,2.466666667,4.561796665,0
27,Control,0,111-3,111-3.png,3,DPP,1,Misinformation,1,Anger,1,12,6.95473251,7.378337145,1,6,1,6,0,3.122222222,2.760168552,2
28,Prebunk,1,000-1,000-1.png,1,KMT,0,True Information,0,Like,0,12,0.5144032922,4.967917,1,0,1,0,0,8.411111111,4.3616135,2
28,Prebunk,1,000-2,000-2.png,2,KMT,0,True Information,0,Like,0,14,2.331961591,4.0654451,0,0,1,0,2,4.261111111,2.66517,1
28,Prebunk,1,000-3,000-3.png,3,KMT,0,True Information,0,Like,0,16,1.543209877,14.711725,2,0,1,0,1,5.961111111,2.5172333,0
28,Prebunk,1,001-1,001-1.png,1,KMT,0,True Information,0,Anger,1,18,3.614540466,7.3451465,1,0,0,6,0,3.572222222,2.5320538,2
28,Prebunk,1,001-2,001-2.png,2,KMT,0,True Information,0,Anger,1,20,0.5075445816,3.8652285,0,6,1,6,2,5.45,2.9384627,1
28,Prebunk,1,001-3,001-3.png,3,KMT,0,True Information,0,Anger,1,22,4.437585734,6.2908664,2,6,1,6,1,4.505555556,3.1306017,0
28,Prebunk,1,010-1,010-1.png,1,KMT,0,Misinformation,1,Like,0,24,9.211248285,4.4172664,1,0,1,0,0,1.955555556,2.3009169,2
28,Prebunk,1,010-2,010-2.png,2,KMT,0,Misinformation,1,Like,0,23,7.860082305,2.8337595,2,0,1,0,0,4.238888889,2.2776846,1
28,Prebunk,1,010-3,010-3.png,3,KMT,0,Misinformation,1,Like,0,21,8.559670782,2.6226373,1,0,1,0,2,2.75,4.3194837,0
28,Prebunk,1,011-1,011-1.png,1,KMT,0,Misinformation,1,Anger,1,19,9.663923182,7.0706889,0,6,1,6,1,1.266666667,3.737794,2
28,Prebunk,1,011-2,011-2.png,2,KMT,0,Misinformation,1,Anger,1,17,9.375857339,2.9449165,2,6,1,6,0,2.616666667,3.1185568,1
28,Prebunk,1,011-3,011-3.png,3,KMT,0,Misinformation,1,Anger,1,15,8.936899863,2.556299,1,6,1,6,2,2.016666667,3.6318976,0
28,Prebunk,1,100-1,100-1.png,1,DPP,1,True Information,0,Like,0,13,0.9670781893,3.0043124,0,0,1,0,1,8.811111111,3.0551117,2
28,Prebunk,1,100-2,100-2.png,2,DPP,1,True Information,0,Like,0,11,0.987654321,4.2986711,2,0,1,0,0,7.822222222,4.3509765,1
28,Prebunk,1,100-3,100-3.png,3,DPP,1,True Information,0,Like,0,9,0.3909465021,12.8405064,1,0,1,0,2,4.188888889,4.3962743,0
28,Prebunk,1,101-1,101-1.png,1,DPP,1,True Information,0,Anger,1,7,0.9465020576,11.2026203,0,6,0,0,1,7.766666667,5.8407135,2
28,Prebunk,1,101-2,101-2.png,2,DPP,1,True Information,0,Anger,1,5,2.668038409,3.3397663,2,0,0,6,0,5.511111111,5.7667562,1
28,Prebunk,1,101-3,101-3.png,3,DPP,1,True Information,0,Anger,1,3,2.400548697,7.7433606,1,0,0,6,2,7.561111111,7.2622705,0
28,Prebunk,1,110-1,110-1.png,1,DPP,1,Misinformation,1,Like,0,1,7.894375857,4.4261564,0,0,1,0,1,5.572222222,4.2964986,2
28,Prebunk,1,110-2,110-2.png,2,DPP,1,Misinformation,1,Like,0,2,8.971193416,4.0388051,0,0,1,0,2,4.7,5.5170662,1
28,Prebunk,1,110-3,110-3.png,3,DPP,1,Misinformation,1,Like,0,4,8.333333333,9.0409574,2,0,1,0,1,4.261111111,6.7526454,0
28,Prebunk,1,111-1,111-1.png,1,DPP,1,Misinformation,1,Anger,1,6,7.647462277,3.7486195,1,6,1,6,0,5.138888889,3.9669723,2
28,Prebunk,1,111-2,111-2.png,2,DPP,1,Misinformation,1,Anger,1,8,7.386831276,3.124762,0,6,1,6,2,3.833333333,2.5335032,1
28,Prebunk,1,111-3,111-3.png,3,DPP,1,Misinformation,1,Anger,1,10,7.064471879,28.5474688,2,6,1,6,1,4.422222222,2.8699786,0
29,Control,0,000-1,000-1.png,1,KMT,0,True Information,0,Like,0,10,2.613168724,6.58788538,2,0,1,0,1,6.866666667,5.27525115,0
29,Control,0,000-2,000-2.png,2,KMT,0,True Information,0,Like,0,12,3.930041152,19.0280633,1,0,1,0,0,6.644444444,7.107591152,2
29,Control,0,000-3,000-3.png,3,KMT,0,True Information,0,Like,0,14,5.953360768,33.17696619,0,0,1,0,2,5.566666667,3.85192275,1
29,Control,0,001-1,001-1.png,1,KMT,0,True Information,0,Anger,1,16,2.825788752,5.913128376,2,6,1,6,1,4.611111111,15.00558209,0
29,Control,0,001-2,001-2.png,2,KMT,0,True Information,0,Anger,1,18,3.161865569,6.487437487,1,6,1,6,0,5.533333333,4.032483578,2
29,Control,0,001-3,001-3.png,3,KMT,0,True Information,0,Anger,1,20,2.524005487,3.645044327,0,6,1,6,2,5.388888889,2.990440369,1
29,Control,0,010-1,010-1.png,1,KMT,0,Misinformation,1,Like,0,22,8.367626886,8.452950239,2,0,1,0,1,3.472222222,2.146297693,0
29,Control,0,010-2,010-2.png,2,KMT,0,Misinformation,1,Like,0,24,6.069958848,6.958576679,1,0,1,0,0,4.711111111,1.795209885,2
29,Control,0,010-3,010-3.png,3,KMT,0,Misinformation,1,Like,0,23,7.68861454,1.875580788,2,0,1,0,0,3.577777778,2.186242104,1
29,Control,0,011-1,011-1.png,1,KMT,0,Misinformation,1,Anger,1,21,8.127572016,5.124287367,1,6,1,6,2,4.022222222,2.899130106,0
29,Control,0,011-2,011-2.png,2,KMT,0,Misinformation,1,Anger,1,19,7.935528121,4.338176012,0,6,1,6,1,3.816666667,7.088261127,2
29,Control,0,011-3,011-3.png,3,KMT,0,Misinformation,1,Anger,1,17,8.635116598,2.037568331,2,6,1,6,0,4.15,4.436319828,1
29,Control,0,100-1,100-1.png,1,DPP,1,True Information,0,Like,0,15,2.846364883,2.926545382,1,0,1,0,2,6.544444444,4.04104948,0
29,Control,0,100-2,100-2.png,2,DPP,1,True Information,0,Like,0,13,2.187928669,6.029235601,0,0,1,0,1,7.322222222,5.833417177,2
29,Control,0,100-3,100-3.png,3,DPP,1,True Information,0,Like,0,11,2.517146776,2.841243505,2,0,1,0,0,6.855555556,12.50715017,1
29,Control,0,101-1,101-1.png,1,DPP,1,True Information,0,Anger,1,9,3.923182442,6.884524345,1,6,0,0,2,5.694444444,10.01340294,0
29,Control,0,101-2,101-2.png,2,DPP,1,True Information,0,Anger,1,7,2.283950617,10.06237006,0,6,1,6,1,7.583333333,9.640953064,2
29,Control,0,101-3,101-3.png,3,DPP,1,True Information,0,Anger,1,5,2.894375857,4.134497881,2,6,1,6,0,5.755555556,10.83010173,1
29,Control,0,110-1,110-1.png,1,DPP,1,Misinformation,1,Like,0,3,7.551440329,7.828026295,1,0,1,0,2,4.005555556,6.410776138,0
29,Control,0,110-2,110-2.png,2,DPP,1,Misinformation,1,Like,0,1,8.799725652,4.94466567,0,0,1,0,1,3.338888889,4.372426987,2
29,Control,0,110-3,110-3.png,3,DPP,1,Misinformation,1,Like,0,2,3.978052126,24.0917263,0,0,1,0,2,5.533333333,5.003835678,1
29,Control,0,111-1,111-1.png,1,DPP,1,Misinformation,1,Anger,1,4,5.034293553,20.94425893,2,6,1,6,1,5.466666667,7.383732319,0
29,Control,0,111-2,111-2.png,2,DPP,1,Misinformation,1,Anger,1,6,7.126200274,12.97420192,1,6,1,6,0,4.255555556,2.881694078,2
29,Control,0,111-3,111-3.png,3,DPP,1,Misinformation,1,Anger,1,8,7.455418381,4.777292728,0,6,1,6,2,4.405555556,2.427375793,1
30,Prebunk,1,000-1,000-1.png,1,KMT,0,True Information,0,Like,0,8,4.581618656,30.6678258,0,0,1,0,2,8.516666667,9.7581687,1
30,Prebunk,1,000-2,000-2.png,2,KMT,0,True Information,0,Like,0,10,5.452674897,5.0450893,2,0,1,0,1,5.666666667,13.1070429,0
30,Prebunk,1,000-3,000-3.png,3,KMT,0,True Information,0,Like,0,12,3.285322359,9.0909845,1,0,1,0,0,7.233333333,5.0620429,2
30,Prebunk,1,001-1,001-1.png,1,KMT,0,True Information,0,Anger,1,14,6.076817558,11.5773667,0,6,1,6,2,4.4,7.4865299,1
30,Prebunk,1,001-2,001-2.png,2,KMT,0,True Information,0,Anger,1,16,5.006858711,9.5248956,2,6,1,6,1,5.827777778,13.7406059,0
30,Prebunk,1,001-3,001-3.png,3,KMT,0,True Information,0,Anger,1,18,8.004115226,13.7551966,1,6,1,6,0,5.822222222,10.8644543,2
30,Prebunk,1,010-1,010-1.png,1,KMT,0,Misinformation,1,Like,0,20,9.341563786,3.5135355,0,0,1,0,2,3.916666667,5.1143966,1
30,Prebunk,1,010-2,010-2.png,2,KMT,0,Misinformation,1,Like,0,22,8.010973937,11.4374428,2,0,1,0,1,3.755555556,21.4333252,0
30,Prebunk,1,010-3,010-3.png,3,KMT,0,Misinformation,1,Like,0,24,8.53223594,14.4883771,1,0,1,0,0,3.533333333,2.5502129,2
30,Prebunk,1,011-1,011-1.png,1,KMT,0,Misinformation,1,Anger,1,23,8.758573388,5.4799302,2,6,1,6,0,3.472222222,11.2826418,1
30,Prebunk,1,011-2,011-2.png,2,KMT,0,Misinformation,1,Anger,1,21,8.497942387,6.0030961,1,6,1,6,2,4.344444444,12.4446964,0
30,Prebunk,1,011-3,011-3.png,3,KMT,0,Misinformation,1,Anger,1,19,8.772290809,3.2737263,0,6,1,6,1,2.672222222,8.141387,2
30,Prebunk,1,100-1,100-1.png,1,DPP,1,True Information,0,Like,0,17,7.496570645,7.9475313,2,0,1,0,0,7.2,9.5522919,1
30,Prebunk,1,100-2,100-2.png,2,DPP,1,True Information,0,Like,0,15,1.9478738,12.6217971,1,0,1,0,2,8.972222222,7.5479783,0
30,Prebunk,1,100-3,100-3.png,3,DPP,1,True Information,0,Like,0,13,3.847736626,11.3187611,0,0,1,0,1,6.133333333,7.6018674,2
30,Prebunk,1,101-1,101-1.png,1,DPP,1,True Information,0,Anger,1,11,4.314128944,4.1838264,2,6,0,0,0,5.666666667,9.9896078,1
30,Prebunk,1,101-2,101-2.png,2,DPP,1,True Information,0,Anger,1,9,4.581618656,37.0339606,1,6,1,6,2,5.555555556,7.4586971,0
30,Prebunk,1,101-3,101-3.png,3,DPP,1,True Information,0,Anger,1,7,6.330589849,4.4615025,0,6,1,6,1,3.961111111,17.9464928,2
30,Prebunk,1,110-1,110-1.png,1,DPP,1,Misinformation,1,Like,0,5,9.615912209,6.7615656,2,0,1,0,0,4.122222222,5.7502859,1
30,Prebunk,1,110-2,110-2.png,2,DPP,1,Misinformation,1,Like,0,3,10,11.063961,1,0,1,0,2,3.416666667,10.9098044,0
30,Prebunk,1,110-3,110-3.png,3,DPP,1,Misinformation,1,Like,0,1,9.807956104,5.3673217,0,0,1,0,1,4.455555556,21.9851845,2
30,Prebunk,1,111-1,111-1.png,1,DPP,1,Misinformation,1,Anger,1,2,8.689986283,19.1104148,0,6,1,6,2,5.4,14.903433,1
30,Prebunk,1,111-2,111-2.png,2,DPP,1,Misinformation,1,Anger,1,4,9.382716049,22.1898795,2,0,0,6,1,3.388888889,4.7002509,0
30,Prebunk,1,111-3,111-3.png,3,DPP,1,Misinformation,1,Anger,1,6,9.067215364,5.745669,1,6,1,6,0,3.888888889,6.2224043,2
31,Prebunk,1,000-1,000-1.png,1,KMT,0,True Information,0,Like,0,4,3.559670782,22.08128834,2,0,1,0,1,6.822222222,5.776058912,0
31,Prebunk,1,000-2,000-2.png,2,KMT,0,True Information,0,Like,0,6,3.065843621,11.16961408,1,0,1,0,0,8.155555556,2.799098253,2
31,Prebunk,1,000-3,000-3.png,3,KMT,0,True Information,0,Like,0,8,2.517146776,4.432858944,0,0,1,0,2,7.666666667,4.04898262,1
31,Prebunk,1,001-1,001-1.png,1,KMT,0,True Information,0,Anger,1,10,4.931412894,11.99514461,2,6,1,6,1,6.894444444,16.32482719,0
31,Prebunk,1,001-2,001-2.png,2,KMT,0,True Information,0,Anger,1,12,3.470507545,25.67832208,1,6,1,6,0,7.161111111,5.603075743,2
31,Prebunk,1,001-3,001-3.png,3,KMT,0,True Information,0,Anger,1,14,8.072702332,5.90071249,0,6,1,6,2,2.411111111,4.396162748,1
31,Prebunk,1,010-1,010-1.png,1,KMT,0,Misinformation,1,Like,0,16,7.969821674,3.655150652,2,0,1,0,1,5.494444444,5.760458708,0
31,Prebunk,1,010-2,010-2.png,2,KMT,0,Misinformation,1,Like,0,18,7.098765432,7.186406612,1,0,1,0,0,4.416666667,12.57882977,2
31,Prebunk,1,010-3,010-3.png,3,KMT,0,Misinformation,1,Like,0,20,7.517146776,5.917939425,0,0,1,0,2,4.5,4.857219696,1
31,Prebunk,1,011-1,011-1.png,1,KMT,0,Misinformation,1,Anger,1,22,7.530864198,8.741290331,2,6,1,6,1,4.494444444,9.238570452,0
31,Prebunk,1,011-2,011-2.png,2,KMT,0,Misinformation,1,Anger,1,24,7.043895748,6.049005032,1,6,1,6,0,5.45,4.069999695,2
31,Prebunk,1,011-3,011-3.png,3,KMT,0,Misinformation,1,Anger,1,23,7.002743484,3.455604076,2,6,1,6,0,4.294444444,6.704240084,1
31,Prebunk,1,100-1,100-1.png,1,DPP,1,True Information,0,Like,0,21,5.905349794,7.049939871,1,0,1,0,2,6.911111111,5.461135626,0
31,Prebunk,1,100-2,100-2.png,2,DPP,1,True Information,0,Like,0,19,2.009602195,4.202749968,0,0,1,0,1,7.633333333,2.989380836,2
31,Prebunk,1,100-3,100-3.png,3,DPP,1,True Information,0,Like,0,17,2.997256516,9.141479254,2,0,1,0,0,7.622222222,2.550205231,1
31,Prebunk,1,101-1,101-1.png,1,DPP,1,True Information,0,Anger,1,15,6.961591221,3.693319082,1,6,0,0,2,5.472222222,38.15511918,0
31,Prebunk,1,101-2,101-2.png,2,DPP,1,True Information,0,Anger,1,13,6.989026063,12.26520658,0,6,1,6,1,4.155555556,5.086771727,2
31,Prebunk,1,101-3,101-3.png,3,DPP,1,True Information,0,Anger,1,11,4.567901235,12.6656971,2,6,1,6,0,5.511111111,11.81776667,1
31,Prebunk,1,110-1,110-1.png,1,DPP,1,Misinformation,1,Like,0,9,7.496570645,3.007455587,1,0,1,0,2,5.527777778,3.935456276,0
31,Prebunk,1,110-2,110-2.png,2,DPP,1,Misinformation,1,Like,0,7,6.488340192,10.0655961,0,0,1,0,1,5.566666667,2.461486101,2
31,Prebunk,1,110-3,110-3.png,3,DPP,1,Misinformation,1,Like,0,5,5.020576132,6.129721165,2,0,1,0,0,5.55,17.35296392,1
31,Prebunk,1,111-1,111-1.png,1,DPP,1,Misinformation,1,Anger,1,3,6.982167353,5.82487464,1,6,1,6,2,3.427777778,14.0950942,0
31,Prebunk,1,111-2,111-2.png,2,DPP,1,Misinformation,1,Anger,1,1,7.976680384,6.299516201,0,6,1,6,1,5.55,36.83346534,2
31,Prebunk,1,111-3,111-3.png,3,DPP,1,Misinformation,1,Anger,1,2,7.969821674,3.108487844,0,6,1,6,2,5.511111111,14.82342029,1
32,Control,0,000-1,000-1.png,1,KMT,0,True Information,0,Like,0,3,7.037037037,3.2119105,1,0,1,0,2,3.35,2.8468709,0
32,Control,0,000-2,000-2.png,2,KMT,0,True Information,0,Like,0,1,7.009602195,6.0637356,0,0,1,0,1,3.411111111,4.208366,2
32,Control,0,000-3,000-3.png,3,KMT,0,True Information,0,Like,0,2,7.043895748,5.5877486,0,0,1,0,2,3.522222222,3.1741695,1
32,Control,0,001-1,001-1.png,1,KMT,0,True Information,0,Anger,1,4,8.443072702,3.8634599,2,6,1,6,1,1.255555556,4.3854039,0
32,Control,0,001-2,001-2.png,2,KMT,0,True Information,0,Anger,1,6,7.496570645,19.1544389,1,0,0,6,0,3.494444444,4.3957859,2
32,Control,0,001-3,001-3.png,3,KMT,0,True Information,0,Anger,1,8,8.580246914,5.8289819,0,6,1,6,2,4.366666667,3.373028,1
32,Control,0,010-1,010-1.png,1,KMT,0,Misinformation,1,Like,0,10,8.491083676,6.4736346,2,0,1,0,1,4.288888889,4.3241123,0
32,Control,0,010-2,010-2.png,2,KMT,0,Misinformation,1,Like,0,12,8.374485597,1.9533166,1,0,1,0,0,2.488888889,2.6510216,2
32,Control,0,010-3,010-3.png,3,KMT,0,Misinformation,1,Like,0,14,8.161865569,3.8599922,0,0,1,0,2,2.405555556,2.8699233,1
32,Control,0,011-1,011-1.png,1,KMT,0,Misinformation,1,Anger,1,16,3.518518519,2.4735809,2,0,0,6,1,5.572222222,2.24179,0
32,Control,0,011-2,011-2.png,2,KMT,0,Misinformation,1,Anger,1,18,2.235939643,3.0296576,1,6,1,6,0,7.3,6.4970432,2
32,Control,0,011-3,011-3.png,3,KMT,0,Misinformation,1,Anger,1,20,7.503429355,8.0651996,0,6,1,6,2,3.394444444,2.0138191,1
32,Control,0,100-1,100-1.png,1,DPP,1,True Information,0,Like,0,22,3.196159122,3.9276795,2,0,1,0,1,6.711111111,1.8901032,0
32,Control,0,100-2,100-2.png,2,DPP,1,True Information,0,Like,0,24,7.160493827,1.813279,1,0,1,0,0,7.75,4.438507,2
32,Control,0,100-3,100-3.png,3,DPP,1,True Information,0,Like,0,23,1.310013717,2.4225531,2,0,1,0,0,2.483333333,3.6806946,1
32,Control,0,101-1,101-1.png,1,DPP,1,True Information,0,Anger,1,21,2.942386831,3.2623842,1,6,0,0,2,3.311111111,5.8218015,0
32,Control,0,101-2,101-2.png,2,DPP,1,True Information,0,Anger,1,19,2.215363512,10.2059563,0,6,1,6,1,3.433333333,2.2793018,2
32,Control,0,101-3,101-3.png,3,DPP,1,True Information,0,Anger,1,17,1.968449931,3.362753,2,6,1,6,0,4.427777778,3.2257215,1
32,Control,0,110-1,110-1.png,1,DPP,1,Misinformation,1,Like,0,15,7.482853224,5.4346162,1,0,1,0,2,3.411111111,3.8107887,0
32,Control,0,110-2,110-2.png,2,DPP,1,Misinformation,1,Like,0,13,4.979423868,4.2333602,0,0,1,0,1,6.561111111,2.5417327,2
32,Control,0,110-3,110-3.png,3,DPP,1,Misinformation,1,Like,0,11,7.414266118,16.702891,2,0,1,0,0,4.366666667,2.6603091,1
32,Control,0,111-1,111-1.png,1,DPP,1,Misinformation,1,Anger,1,9,7.455418381,2.4669391,1,6,1,6,2,1.794444444,5.2679842,0
32,Control,0,111-2,111-2.png,2,DPP,1,Misinformation,1,Anger,1,7,8.669410151,5.2049174,0,6,1,6,1,2,3.4035482,2
32,Control,0,111-3,111-3.png,3,DPP,1,Misinformation,1,Anger,1,5,2.44170096,4.1114935,2,6,1,6,0,4.544444444,4.3255879,1
33,Prebunk,1,000-1,000-1.png,1,KMT,0,True Information,0,Like,0,5,3.086419753,6.3848379,2,0,1,0,0,6.055555556,3.5393928,1
33,Prebunk,1,000-2,000-2.png,2,KMT,0,True Information,0,Like,0,3,2.901234568,5.2720248,1,0,1,0,2,5.95,7.3627458,0
33,Prebunk,1,000-3,000-3.png,3,KMT,0,True Information,0,Like,0,1,4.005486968,13.3703613,0,0,1,0,1,5.516666667,11.7586048,2
33,Prebunk,1,001-1,001-1.png,1,KMT,0,True Information,0,Anger,1,2,4.01920439,7.4886843,0,6,1,6,2,5.855555556,7.7360093,1
33,Prebunk,1,001-2,001-2.png,2,KMT,0,True Information,0,Anger,1,4,5.987654321,9.4394898,2,6,1,6,1,5.766666667,16.6742955,0
33,Prebunk,1,001-3,001-3.png,3,KMT,0,True Information,0,Anger,1,6,5.994513032,12.5245093,1,6,1,6,0,5.322222222,10.7643446,2
33,Prebunk,1,010-1,010-1.png,1,KMT,0,Misinformation,1,Like,0,8,7.023319616,8.8346667,0,0,1,0,2,6.822222222,12.1260979,1
33,Prebunk,1,010-2,010-2.png,2,KMT,0,Misinformation,1,Like,0,10,6.975308642,4.9325117,2,0,1,0,1,5.561111111,4.8272935,0
33,Prebunk,1,010-3,010-3.png,3,KMT,0,Misinformation,1,Like,0,12,6.975308642,20.8238791,1,0,1,0,0,5.172222222,4.4187538,2
33,Prebunk,1,011-1,011-1.png,1,KMT,0,Misinformation,1,Anger,1,14,6.934156379,10.6326602,0,6,1,6,2,4.905555556,8.1811619,1
33,Prebunk,1,011-2,011-2.png,2,KMT,0,Misinformation,1,Anger,1,16,6.927297668,9.7010123,2,6,1,6,1,4.894444444,4.6912218,0
33,Prebunk,1,011-3,011-3.png,3,KMT,0,Misinformation,1,Anger,1,18,7.016460905,4.1900011,1,6,1,6,0,4.6,4.1842608,2
33,Prebunk,1,100-1,100-1.png,1,DPP,1,True Information,0,Like,0,20,3.943758573,23.6228086,0,0,1,0,2,6.133333333,2.3319415,1
33,Prebunk,1,100-2,100-2.png,2,DPP,1,True Information,0,Like,0,22,2.997256516,12.7343071,2,0,1,0,1,7.016666667,3.2918343,0
33,Prebunk,1,100-3,100-3.png,3,DPP,1,True Information,0,Like,0,24,2.976680384,5.8445332,1,0,1,0,0,6.555555556,2.4948641,2
33,Prebunk,1,101-1,101-1.png,1,DPP,1,True Information,0,Anger,1,23,3.971193416,4.0048691,2,6,0,0,0,5.661111111,15.4216695,1
33,Prebunk,1,101-2,101-2.png,2,DPP,1,True Information,0,Anger,1,21,3.936899863,9.257403,1,6,1,6,2,6.366666667,11.3382614,0
33,Prebunk,1,101-3,101-3.png,3,DPP,1,True Information,0,Anger,1,19,6.001371742,14.9949611,0,6,1,6,1,5.55,7.3276675,2
33,Prebunk,1,110-1,110-1.png,1,DPP,1,Misinformation,1,Like,0,17,7.969821674,3.6191795,2,0,1,0,0,4.788888889,8.5351492,1
33,Prebunk,1,110-2,110-2.png,2,DPP,1,Misinformation,1,Like,0,15,7.030178326,14.7539773,1,0,1,0,2,6.038888889,4.4532392,0
33,Prebunk,1,110-3,110-3.png,3,DPP,1,Misinformation,1,Like,0,13,5.994513032,10.1532308,0,0,1,0,1,4.933333333,12.0971506,2
33,Prebunk,1,111-1,111-1.png,1,DPP,1,Misinformation,1,Anger,1,11,5.953360768,3.7650342,2,6,1,6,0,5.316666667,16.359019,1
33,Prebunk,1,111-2,111-2.png,2,DPP,1,Misinformation,1,Anger,1,9,7.969821674,7.7274109,1,6,1,6,2,6.711111111,6.2106509,0
33,Prebunk,1,111-3,111-3.png,3,DPP,1,Misinformation,1,Anger,1,7,8.038408779,24.36771,0,6,1,6,1,5.966666667,7.2793582,2
34,Control,0,000-1,000-1.png,1,KMT,0,True Information,0,Like,0,7,2.030178326,6.4023197,0,0,1,0,1,7.377777778,3.6225558,2
34,Control,0,000-2,000-2.png,2,KMT,0,True Information,0,Like,0,5,3.875171468,6.4114726,2,0,1,0,0,9.811111111,9.7488747,1
34,Control,0,000-3,000-3.png,3,KMT,0,True Information,0,Like,0,3,6.982167353,25.9642005,1,0,1,0,2,7.5,4.7493281,0
34,Control,0,001-1,001-1.png,1,KMT,0,True Information,0,Anger,1,1,5.089163237,4.3644163,0,6,1,6,1,3.305555556,5.5395654,2
34,Control,0,001-2,001-2.png,2,KMT,0,True Information,0,Anger,1,2,2.722908093,15.7277311,0,6,1,6,2,5.422222222,3.6524469,1
34,Control,0,001-3,001-3.png,3,KMT,0,True Information,0,Anger,1,4,6.872427984,6.5315647,2,6,1,6,1,3.244444444,15.2895277,0
34,Control,0,010-1,010-1.png,1,KMT,0,Misinformation,1,Like,0,6,10,17.1555407,1,0,1,0,0,1,2.5019493,2
34,Control,0,010-2,010-2.png,2,KMT,0,Misinformation,1,Like,0,8,10,6.2461303,0,0,1,0,2,3.377777778,4.4890199,1
34,Control,0,010-3,010-3.png,3,KMT,0,Misinformation,1,Like,0,10,10,2.4288411,2,6,0,0,1,2.327777778,5.0765842,0
34,Control,0,011-1,011-1.png,1,KMT,0,Misinformation,1,Anger,1,12,7.969821674,3.6322832,1,6,1,6,0,3.522222222,3.3617969,2
34,Control,0,011-2,011-2.png,2,KMT,0,Misinformation,1,Anger,1,14,7.0781893,14.2419418,0,6,1,6,2,4.45,2.3557558,1
34,Control,0,011-3,011-3.png,3,KMT,0,Misinformation,1,Anger,1,16,8.998628258,3.9265297,2,6,1,6,1,1.038888889,8.2778917,0
34,Control,0,100-1,100-1.png,1,DPP,1,True Information,0,Like,0,18,1.152263374,6.0666049,1,0,1,0,0,7.738888889,2.213382,2
34,Control,0,100-2,100-2.png,2,DPP,1,True Information,0,Like,0,20,2.112482853,18.5234589,0,0,1,0,2,6.594444444,2.9079667,1
34,Control,0,100-3,100-3.png,3,DPP,1,True Information,0,Like,0,22,2.030178326,5.4664985,2,0,1,0,1,3.5,3.3568454,0
34,Control,0,101-1,101-1.png,1,DPP,1,True Information,0,Anger,1,24,1.95473251,4.7548682,1,6,0,0,0,4.805555556,5.6342908,2
34,Control,0,101-2,101-2.png,2,DPP,1,True Information,0,Anger,1,23,3.017832647,4.8124966,2,6,1,6,0,6.566666667,6.5630696,1
34,Control,0,101-3,101-3.png,3,DPP,1,True Information,0,Anger,1,21,0,3.5432773,1,6,1,6,2,8.7,4.1402055,0
34,Control,0,110-1,110-1.png,1,DPP,1,Misinformation,1,Like,0,19,4.053497942,4.0296179,0,0,1,0,1,4.733333333,3.4405142,2
34,Control,0,110-2,110-2.png,2,DPP,1,Misinformation,1,Like,0,17,8.943758573,7.0877273,2,6,0,0,0,5.488888889,7.5996643,1
34,Control,0,110-3,110-3.png,3,DPP,1,Misinformation,1,Like,0,15,10,3.5606146,1,6,0,0,2,3.433333333,19.7278135,0
34,Control,0,111-1,111-1.png,1,DPP,1,Misinformation,1,Anger,1,13,3.017832647,10.2364528,0,6,1,6,1,5.672222222,5.9923517,2
34,Control,0,111-2,111-2.png,2,DPP,1,Misinformation,1,Anger,1,11,10,7.5445188,2,6,1,6,0,2.411111111,4.9025687,1
34,Control,0,111-3,111-3.png,3,DPP,1,Misinformation,1,Anger,1,9,8.010973937,11.4248164,1,6,1,6,2,10,10.6846281,0
35,Prebunk,1,000-1,000-1.png,1,KMT,0,True Information,0,Like,0,9,5.823045267,5.381044,1,0,1,0,2,8.25,8.1799755,0
35,Prebunk,1,000-2,000-2.png,2,KMT,0,True Information,0,Like,0,7,6.515775034,13.9676231,0,0,1,0,1,6.544444444,8.9976184,2
35,Prebunk,1,000-3,000-3.png,3,KMT,0,True Information,0,Like,0,5,3.381344307,4.1214495,2,0,1,0,0,7.761111111,4.2561054,1
35,Prebunk,1,001-1,001-1.png,1,KMT,0,True Information,0,Anger,1,3,7.386831276,4.464218,1,6,1,6,2,1.811111111,3.300696,0
35,Prebunk,1,001-2,001-2.png,2,KMT,0,True Information,0,Anger,1,1,1.639231824,10.9402525,0,0,0,6,1,6.95,5.5606144,2
35,Prebunk,1,001-3,001-3.png,3,KMT,0,True Information,0,Anger,1,2,6.001371742,6.6817,0,6,1,6,2,5.15,3.7617161,1
35,Prebunk,1,010-1,010-1.png,1,KMT,0,Misinformation,1,Like,0,4,8.868312757,9.5149953,2,6,0,0,1,1.361111111,3.1237699,0
35,Prebunk,1,010-2,010-2.png,2,KMT,0,Misinformation,1,Like,0,6,9.039780521,11.2890441,1,0,1,0,0,4.444444444,5.6165997,2
35,Prebunk,1,010-3,010-3.png,3,KMT,0,Misinformation,1,Like,0,8,9.75994513,8.857664,0,0,1,0,2,2.011111111,8.0569192,1
35,Prebunk,1,011-1,011-1.png,1,KMT,0,Misinformation,1,Anger,1,10,10,6.0673824,2,0,0,6,1,1,2.849782,0
35,Prebunk,1,011-2,011-2.png,2,KMT,0,Misinformation,1,Anger,1,12,9.739368999,3.7902645,1,6,1,6,0,1.605555556,2.6240599,2
35,Prebunk,1,011-3,011-3.png,3,KMT,0,Misinformation,1,Anger,1,14,7.633744856,7.22311,0,6,1,6,2,3.261111111,3.7264727,1
35,Prebunk,1,100-1,100-1.png,1,DPP,1,True Information,0,Like,0,16,6.536351166,8.3534986,2,0,1,0,1,9.322222222,2.2523867,0
35,Prebunk,1,100-2,100-2.png,2,DPP,1,True Information,0,Like,0,18,1.502057613,4.9074703,1,0,1,0,0,8.916666667,6.0176458,2
35,Prebunk,1,100-3,100-3.png,3,DPP,1,True Information,0,Like,0,20,1.639231824,2.6555331,0,0,1,0,2,9.45,3.8287217,1
35,Prebunk,1,101-1,101-1.png,1,DPP,1,True Information,0,Anger,1,22,3.401920439,13.721475,2,6,0,0,1,8.655555556,2.6025906,0
35,Prebunk,1,101-2,101-2.png,2,DPP,1,True Information,0,Anger,1,24,2.105624143,2.5997251,1,6,1,6,0,7.694444444,2.6043778,2
35,Prebunk,1,101-3,101-3.png,3,DPP,1,True Information,0,Anger,1,23,6.364883402,2.435593,2,6,1,6,0,7.011111111,2.0850776,1
35,Prebunk,1,110-1,110-1.png,1,DPP,1,Misinformation,1,Like,0,21,9.26611797,2.6283726,1,0,1,0,2,2.1,2.9346212,0
35,Prebunk,1,110-2,110-2.png,2,DPP,1,Misinformation,1,Like,0,19,9.218106996,3.6184316,0,0,1,0,1,3.5,8.2428902,2
35,Prebunk,1,110-3,110-3.png,3,DPP,1,Misinformation,1,Like,0,17,9.320987654,11.1942929,2,6,0,0,0,3.35,62.5702208,1
35,Prebunk,1,111-1,111-1.png,1,DPP,1,Misinformation,1,Anger,1,15,8.477366255,6.4086521,1,6,1,6,2,5.922222222,20.2746174,0
35,Prebunk,1,111-2,111-2.png,2,DPP,1,Misinformation,1,Anger,1,13,9.451303155,4.5283571,0,6,1,6,1,5.55,11.568387,2
35,Prebunk,1,111-3,111-3.png,3,DPP,1,Misinformation,1,Anger,1,11,9.245541838,4.3167206,2,6,1,6,0,1.788888889,2.7535978,1
36,Control,0,000-1,000-1.png,1,KMT,0,True Information,0,Like,0,11,2.496570645,9.7447419,2,0,1,0,0,7.127777778,5.2869574,1
36,Control,0,000-2,000-2.png,2,KMT,0,True Information,0,Like,0,9,3.566529492,5.8206219,1,0,1,0,2,6.916666667,4.0197861,0
36,Control,0,000-3,000-3.png,3,KMT,0,True Information,0,Like,0,7,2.544581619,7.9989359,0,0,1,0,1,6.988888889,3.6464378,2
36,Control,0,001-1,001-1.png,1,KMT,0,True Information,0,Anger,1,5,6.652949246,4.9619936,2,6,1,6,0,4.25,6.5850404,1
36,Control,0,001-2,001-2.png,2,KMT,0,True Information,0,Anger,1,3,3.683127572,15.4538709,1,6,1,6,2,6.705555556,9.3752156,0
36,Control,0,001-3,001-3.png,3,KMT,0,True Information,0,Anger,1,1,4.362139918,13.4492211,0,6,1,6,1,6.394444444,13.9570678,2
36,Control,0,010-1,010-1.png,1,KMT,0,Misinformation,1,Like,0,2,3.65569273,18.5874972,0,0,1,0,2,4.538888889,10.3205901,1
36,Control,0,010-2,010-2.png,2,KMT,0,Misinformation,1,Like,0,4,2.674897119,11.7802256,2,0,1,0,1,6.916666667,4.129206,0
36,Control,0,010-3,010-3.png,3,KMT,0,Misinformation,1,Like,0,6,7.345679012,15.6123845,1,0,1,0,0,4.111111111,4.6068231,2
36,Control,0,011-1,011-1.png,1,KMT,0,Misinformation,1,Anger,1,8,6.687242798,5.1348346,0,0,0,6,2,4.311111111,5.7644116,1
36,Control,0,011-2,011-2.png,2,KMT,0,Misinformation,1,Anger,1,10,6.378600823,5.8765233,2,6,1,6,1,4.711111111,7.984829,0
36,Control,0,011-3,011-3.png,3,KMT,0,Misinformation,1,Anger,1,12,6.015089163,10.2459472,1,6,1,6,0,3.716666667,9.508892,2
36,Control,0,100-1,100-1.png,1,DPP,1,True Information,0,Like,0,14,2.668038409,5.8144664,0,0,1,0,2,7.627777778,4.285892,1
36,Control,0,100-2,100-2.png,2,DPP,1,True Information,0,Like,0,16,2.585733882,5.2371887,2,0,1,0,1,7.377777778,4.2960038,0
36,Control,0,100-3,100-3.png,3,DPP,1,True Information,0,Like,0,18,2.791495199,12.1767125,1,0,1,0,0,7.227777778,5.3146174,2
36,Control,0,101-1,101-1.png,1,DPP,1,True Information,0,Anger,1,20,7.009602195,10.0534544,0,6,0,0,2,4.066666667,4.7998571,1
36,Control,0,101-2,101-2.png,2,DPP,1,True Information,0,Anger,1,22,5.685871056,7.8920202,2,6,1,6,1,6.377777778,5.6513579,0
36,Control,0,101-3,101-3.png,3,DPP,1,True Information,0,Anger,1,24,7.242798354,3.5636334,1,6,1,6,0,3.727777778,4.5682154,2
36,Control,0,110-1,110-1.png,1,DPP,1,Misinformation,1,Like,0,23,5.466392318,4.7900896,2,0,1,0,0,4.65,7.0201566,1
36,Control,0,110-2,110-2.png,2,DPP,1,Misinformation,1,Like,0,21,6.008230453,5.8985732,1,0,1,0,2,5,9.9588704,0
36,Control,0,110-3,110-3.png,3,DPP,1,Misinformation,1,Like,0,19,3.381344307,7.2149994,0,0,1,0,1,3.816666667,3.9666193,2
36,Control,0,111-1,111-1.png,1,DPP,1,Misinformation,1,Anger,1,17,7.270233196,6.2224143,2,6,1,6,0,3.644444444,3.8811547,1
36,Control,0,111-2,111-2.png,2,DPP,1,Misinformation,1,Anger,1,15,6.95473251,8.4831281,1,6,1,6,2,3.883333333,3.3094737,0
36,Control,0,111-3,111-3.png,3,DPP,1,Misinformation,1,Anger,1,13,6.58436214,5.8599114,0,6,1,6,1,3.944444444,6.4662516,2
37,Prebunk,1,000-1,000-1.png,1,KMT,0,True Information,0,Like,0,13,2.530864198,1.9114793,0,0,1,0,1,7.35,2.6881281,2
37,Prebunk,1,000-2,000-2.png,2,KMT,0,True Information,0,Like,0,11,0,2.1556047,2,0,1,0,0,6.588888889,2.1410559,1
37,Prebunk,1,000-3,000-3.png,3,KMT,0,True Information,0,Like,0,9,2.249657064,2.546439,1,0,1,0,2,6.555555556,3.277917,0
37,Prebunk,1,001-1,001-1.png,1,KMT,0,True Information,0,Anger,1,7,10,2.5105581,0,6,1,6,1,3.355555556,5.0783949,2
37,Prebunk,1,001-2,001-2.png,2,KMT,0,True Information,0,Anger,1,5,2.414266118,16.846905,2,6,1,6,0,3.133333333,5.7866965,1
37,Prebunk,1,001-3,001-3.png,3,KMT,0,True Information,0,Anger,1,3,8.78600823,4.864187,1,6,1,6,2,3.827777778,10.5173121,0
37,Prebunk,1,010-1,010-1.png,1,KMT,0,Misinformation,1,Like,0,1,8.189300412,7.4210612,0,0,1,0,1,3.788888889,5.9734441,2
37,Prebunk,1,010-2,010-2.png,2,KMT,0,Misinformation,1,Like,0,2,8.29218107,5.9159147,0,0,1,0,2,5.583333333,4.6011715,1
37,Prebunk,1,010-3,010-3.png,3,KMT,0,Misinformation,1,Like,0,4,10,2.4470631,2,0,1,0,1,1,5.0253692,0
37,Prebunk,1,011-1,011-1.png,1,KMT,0,Misinformation,1,Anger,1,6,10,2.915763,1,0,0,6,0,4.183333333,4.1109699,2
37,Prebunk,1,011-2,011-2.png,2,KMT,0,Misinformation,1,Anger,1,8,10,2.4436933,0,6,1,6,2,3.216666667,3.1466829,1
37,Prebunk,1,011-3,011-3.png,3,KMT,0,Misinformation,1,Anger,1,10,10,2.3734763,2,6,1,6,1,3.25,3.5230059,0
37,Prebunk,1,100-1,100-1.png,1,DPP,1,True Information,0,Like,0,12,0,2.387849,1,0,1,0,0,6.744444444,1.6805945,2
37,Prebunk,1,100-2,100-2.png,2,DPP,1,True Information,0,Like,0,14,7.517146776,2.3313226,0,0,1,0,2,5.383333333,3.0862426,1
37,Prebunk,1,100-3,100-3.png,3,DPP,1,True Information,0,Like,0,16,1.275720165,2.4317504,2,0,1,0,1,6.294444444,2.0470864,0
37,Prebunk,1,101-1,101-1.png,1,DPP,1,True Information,0,Anger,1,18,1.563786008,2.921285,1,6,0,0,0,7,2.7201717,2
37,Prebunk,1,101-2,101-2.png,2,DPP,1,True Information,0,Anger,1,20,6.522633745,4.7131254,0,6,1,6,2,7.316666667,3.0825031,1
37,Prebunk,1,101-3,101-3.png,3,DPP,1,True Information,0,Anger,1,22,3.628257888,1.9703052,2,6,1,6,1,7,2.243563,0
37,Prebunk,1,110-1,110-1.png,1,DPP,1,Misinformation,1,Like,0,24,10,1.9121132,1,0,1,0,0,4.022222222,2.8570934,2
37,Prebunk,1,110-2,110-2.png,2,DPP,1,Misinformation,1,Like,0,23,10,2.4401371,2,0,1,0,0,1,2.0601582,1
37,Prebunk,1,110-3,110-3.png,3,DPP,1,Misinformation,1,Like,0,21,10,2.029988,1,0,1,0,2,6.1,2.6615956,0
37,Prebunk,1,111-1,111-1.png,1,DPP,1,Misinformation,1,Anger,1,19,10,2.6215282,0,6,1,6,1,6.733333333,2.7143332,2
37,Prebunk,1,111-2,111-2.png,2,DPP,1,Misinformation,1,Anger,1,17,10,1.6305868,2,6,1,6,0,4.383333333,3.2328517,1
37,Prebunk,1,111-3,111-3.png,3,DPP,1,Misinformation,1,Anger,1,15,10,2.7062346,1,6,1,6,2,4.3,2.1356684,0
38,Control,0,000-1,000-1.png,1,KMT,0,True Information,0,Like,0,15,0.2057613169,6.2948589,1,0,1,0,2,7.855555556,3.447007,0
38,Control,0,000-2,000-2.png,2,KMT,0,True Information,0,Like,0,13,0.1989026063,13.4753373,0,0,1,0,1,9.627777778,5.0355246,2
38,Control,0,000-3,000-3.png,3,KMT,0,True Information,0,Like,0,11,0.8299039781,39.7271454,2,0,1,0,0,6.9,5.703321,1
38,Control,0,001-1,001-1.png,1,KMT,0,True Information,0,Anger,1,9,6.152263374,11.664509,1,6,1,6,2,2.183333333,10.9752595,0
38,Control,0,001-2,001-2.png,2,KMT,0,True Information,0,Anger,1,7,8.161865569,7.9171442,0,6,1,6,1,2.461111111,4.3924205,2
38,Control,0,001-3,001-3.png,3,KMT,0,True Information,0,Anger,1,5,2.112482853,65.867168,2,6,1,6,0,3.394444444,6.0080254,1
38,Control,0,010-1,010-1.png,1,KMT,0,Misinformation,1,Like,0,3,10,11.6734209,1,0,1,0,2,1.2,4.0106378,0
38,Control,0,010-2,010-2.png,2,KMT,0,Misinformation,1,Like,0,1,10,4.3660778,0,0,1,0,1,1.027777778,4.4355022,2
38,Control,0,010-3,010-3.png,3,KMT,0,Misinformation,1,Like,0,2,10,3.9367621,0,0,1,0,2,1,5.0694321,1
38,Control,0,011-1,011-1.png,1,KMT,0,Misinformation,1,Anger,1,4,10,3.0619369,2,6,1,6,1,1.183333333,5.4367639,0
38,Control,0,011-2,011-2.png,2,KMT,0,Misinformation,1,Anger,1,6,10,5.2246061,1,6,1,6,0,1.227777778,3.7677485,2
38,Control,0,011-3,011-3.png,3,KMT,0,Misinformation,1,Anger,1,8,10,3.8199277,0,6,1,6,2,1,3.266746,1
38,Control,0,100-1,100-1.png,1,DPP,1,True Information,0,Like,0,10,5.631001372,7.2362624,2,0,1,0,1,5.872222222,25.8467991,0
38,Control,0,100-2,100-2.png,2,DPP,1,True Information,0,Like,0,12,0.02057613169,7.8137401,1,0,1,0,0,9.788888889,4.504134,2
38,Control,0,100-3,100-3.png,3,DPP,1,True Information,0,Like,0,14,0,9.0308461,0,0,1,0,2,9.333333333,3.3224875,1
38,Control,0,101-1,101-1.png,1,DPP,1,True Information,0,Anger,1,16,0.1646090535,15.1536214,2,6,0,0,1,7.666666667,6.8468137,0
38,Control,0,101-2,101-2.png,2,DPP,1,True Information,0,Anger,1,18,0.3703703704,7.4565871,1,6,1,6,0,7.427777778,3.1556459,2
38,Control,0,101-3,101-3.png,3,DPP,1,True Information,0,Anger,1,20,0.8847736626,7.6935334,0,6,1,6,2,6.483333333,7.8307638,1
38,Control,0,110-1,110-1.png,1,DPP,1,Misinformation,1,Like,0,22,8.923182442,5.4887027,2,0,1,0,1,4.616666667,7.9788169,0
38,Control,0,110-2,110-2.png,2,DPP,1,Misinformation,1,Like,0,24,9.012345679,3.4524713,1,0,1,0,0,3.761111111,5.3481849,2
38,Control,0,110-3,110-3.png,3,DPP,1,Misinformation,1,Like,0,23,5.438957476,5.3295981,2,0,1,0,0,5.772222222,5.2457849,1
38,Control,0,111-1,111-1.png,1,DPP,1,Misinformation,1,Anger,1,21,9.718792867,4.7633091,1,6,1,6,2,2.611111111,7.5424042,0
38,Control,0,111-2,111-2.png,2,DPP,1,Misinformation,1,Anger,1,19,5.871056241,68.4601829,0,6,1,6,1,5.011111111,7.7269093,2
38,Control,0,111-3,111-3.png,3,DPP,1,Misinformation,1,Anger,1,17,8.888888889,3.923172,2,6,1,6,0,3.905555556,6.323342,1
39,Prebunk,1,000-1,000-1.png,1,KMT,0,True Information,0,Like,0,21,3.943758573,4.5061296,1,0,1,0,2,7.666666667,1.6269293,0
39,Prebunk,1,000-2,000-2.png,2,KMT,0,True Information,0,Like,0,19,5.020576132,11.7914997,0,0,1,0,1,3.366666667,5.8284082,2
39,Prebunk,1,000-3,000-3.png,3,KMT,0,True Information,0,Like,0,17,7.043895748,2.2035682,2,0,1,0,0,7.594444444,3.3755855,1
39,Prebunk,1,001-1,001-1.png,1,KMT,0,True Information,0,Anger,1,15,1.282578875,2.5945973,1,6,1,6,2,7.616666667,2.6286061,0
39,Prebunk,1,001-2,001-2.png,2,KMT,0,True Information,0,Anger,1,13,0.9602194787,2.5752558,0,6,1,6,1,1.727777778,3.1565592,2
39,Prebunk,1,001-3,001-3.png,3,KMT,0,True Information,0,Anger,1,11,1.968449931,3.4420047,2,6,1,6,0,7.133333333,3.5970256,1
39,Prebunk,1,010-1,010-1.png,1,KMT,0,Misinformation,1,Like,0,9,6.021947874,3.5918934,1,0,1,0,2,3.172222222,2.5393659,0
39,Prebunk,1,010-2,010-2.png,2,KMT,0,Misinformation,1,Like,0,7,8.888888889,2.6685424,0,6,0,0,1,2.705555556,4.5433616,2
39,Prebunk,1,010-3,010-3.png,3,KMT,0,Misinformation,1,Like,0,5,7.914951989,5.1029611,2,6,0,0,0,1.833333333,2.3504783,1
39,Prebunk,1,011-1,011-1.png,1,KMT,0,Misinformation,1,Anger,1,3,9.972565158,2.601772,1,6,1,6,2,2.066666667,3.2332022,0
39,Prebunk,1,011-2,011-2.png,2,KMT,0,Misinformation,1,Anger,1,1,8.971193416,14.545873,0,6,1,6,1,3.288888889,6.8693343,2
39,Prebunk,1,011-3,011-3.png,3,KMT,0,Misinformation,1,Anger,1,2,10,3.0282455,0,6,1,6,2,3.305555556,3.942016,1
39,Prebunk,1,100-1,100-1.png,1,DPP,1,True Information,0,Like,0,4,5.994513032,11.0344292,2,0,1,0,1,7.561111111,3.763931,0
39,Prebunk,1,100-2,100-2.png,2,DPP,1,True Information,0,Like,0,6,7.064471879,2.0079353,1,6,0,0,0,1.305555556,2.9096132,2
39,Prebunk,1,100-3,100-3.png,3,DPP,1,True Information,0,Like,0,8,0.0548696845,3.7350388,0,0,1,0,2,9.133333333,3.4119394,1
39,Prebunk,1,101-1,101-1.png,1,DPP,1,True Information,0,Anger,1,10,0.06172839506,5.0279089,2,6,0,0,1,8.916666667,2.3614936,0
39,Prebunk,1,101-2,101-2.png,2,DPP,1,True Information,0,Anger,1,12,4.931412894,11.5093478,1,0,0,6,0,7.627777778,2.804446,2
39,Prebunk,1,101-3,101-3.png,3,DPP,1,True Information,0,Anger,1,14,5.912208505,3.1470704,0,0,0,6,2,3.15,2.2250717,1
39,Prebunk,1,110-1,110-1.png,1,DPP,1,Misinformation,1,Like,0,16,10,3.23572,2,6,0,0,1,3.344444444,3.1292569,0
39,Prebunk,1,110-2,110-2.png,2,DPP,1,Misinformation,1,Like,0,18,9.046639232,2.5127927,1,6,0,0,0,1.455555556,2.0722541,2
39,Prebunk,1,110-3,110-3.png,3,DPP,1,Misinformation,1,Like,0,20,9.917695473,5.7486831,0,6,0,0,2,3.116666667,2.3144726,1
39,Prebunk,1,111-1,111-1.png,1,DPP,1,Misinformation,1,Anger,1,22,1.995884774,7.4323748,2,0,0,6,1,3.4,3.6689474,0
39,Prebunk,1,111-2,111-2.png,2,DPP,1,Misinformation,1,Anger,1,24,8.566529492,2.0403389,1,6,1,6,0,3.088888889,2.1711855,2
39,Prebunk,1,111-3,111-3.png,3,DPP,1,Misinformation,1,Anger,1,23,9.067215364,2.1836006,2,6,1,6,0,2.238888889,2.3836102,1
4,Prebunk,1,000-1,000-1.png,1,KMT,0,True Information,0,Like,0,9,6.001371742,4.4267023,1,0,1,0,2,5.5,11.6962724,0
4,Prebunk,1,000-2,000-2.png,2,KMT,0,True Information,0,Like,0,7,6.934156379,11.1722298,0,0,1,0,1,3.394444444,5.0708284,2
4,Prebunk,1,000-3,000-3.png,3,KMT,0,True Information,0,Like,0,5,6.95473251,14.4148307,2,3,0,0,0,3.4,5.846445,1
4,Prebunk,1,001-1,001-1.png,1,KMT,0,True Information,0,Anger,1,3,7.050754458,5.4815773,1,6,1,6,2,3.472222222,3.926768,0
4,Prebunk,1,001-2,001-2.png,2,KMT,0,True Information,0,Anger,1,1,4.965706447,8.5965365,0,0,0,6,1,4.416666667,14.2849874,2
4,Prebunk,1,001-3,001-3.png,3,KMT,0,True Information,0,Anger,1,2,8.593964335,9.4896014,0,3,0,6,2,2.322222222,3.8058631,1
4,Prebunk,1,010-1,010-1.png,1,KMT,0,Misinformation,1,Like,0,4,9.51303155,6.263769,2,0,1,0,1,1.416666667,4.072593,0
4,Prebunk,1,010-2,010-2.png,2,KMT,0,Misinformation,1,Like,0,6,9.602194787,5.2721967,1,0,1,0,0,1.377777778,4.9076544,2
4,Prebunk,1,010-3,010-3.png,3,KMT,0,Misinformation,1,Like,0,8,10,3.179207,0,0,1,0,2,2.638888889,7.2617211,1
4,Prebunk,1,011-1,011-1.png,1,KMT,0,Misinformation,1,Anger,1,10,10,6.6970358,2,6,1,6,1,3.511111111,3.4760332,0
4,Prebunk,1,011-2,011-2.png,2,KMT,0,Misinformation,1,Anger,1,12,9.012345679,4.3160493,1,6,1,6,0,2.127777778,2.7384355,2
4,Prebunk,1,011-3,011-3.png,3,KMT,0,Misinformation,1,Anger,1,14,9.053497942,3.171401,0,6,1,6,2,4.594444444,2.8485408,1
4,Prebunk,1,100-1,100-1.png,1,DPP,1,True Information,0,Like,0,16,6.604938272,8.4399011,2,0,1,0,1,5.544444444,4.7868889,0
4,Prebunk,1,100-2,100-2.png,2,DPP,1,True Information,0,Like,0,18,5.514403292,4.8637781,1,0,1,0,0,5.166666667,3.1157313,2
4,Prebunk,1,100-3,100-3.png,3,DPP,1,True Information,0,Like,0,20,6.968449931,5.3576208,0,0,1,0,2,2.044444444,3.1100819,1
4,Prebunk,1,101-1,101-1.png,1,DPP,1,True Information,0,Anger,1,22,5.569272977,9.118659,2,6,0,0,1,3.372222222,2.8335486,0
4,Prebunk,1,101-2,101-2.png,2,DPP,1,True Information,0,Anger,1,24,7.043895748,6.8753777,1,6,1,6,0,3.438888889,2.7131958,2
4,Prebunk,1,101-3,101-3.png,3,DPP,1,True Information,0,Anger,1,23,7.016460905,3.3605059,2,6,1,6,0,3.483333333,3.6086454,1
4,Prebunk,1,110-1,110-1.png,1,DPP,1,Misinformation,1,Like,0,21,9.471879287,9.1245362,1,0,1,0,2,2.088888889,3.3334352,0
4,Prebunk,1,110-2,110-2.png,2,DPP,1,Misinformation,1,Like,0,19,8.525377229,4.7315065,0,0,1,0,1,2.011111111,3.7634855,2
4,Prebunk,1,110-3,110-3.png,3,DPP,1,Misinformation,1,Like,0,17,5.994513032,5.489723,2,0,1,0,0,4.933333333,5.1753353,1
4,Prebunk,1,111-1,111-1.png,1,DPP,1,Misinformation,1,Anger,1,15,10,2.4319587,1,6,1,6,2,1.35,4.2684416,0
4,Prebunk,1,111-2,111-2.png,2,DPP,1,Misinformation,1,Anger,1,13,8.909465021,3.2133978,0,6,1,6,1,1.688888889,3.6605501,2
4,Prebunk,1,111-3,111-3.png,3,DPP,1,Misinformation,1,Anger,1,11,10,2.7274152,2,0,0,6,0,1.077777778,4.1649171,1
40,Control,0,000-1,000-1.png,1,KMT,0,True Information,0,Like,0,23,1.975308642,5.7687089,2,0,1,0,0,6.655555556,4.5344343,1
40,Control,0,000-2,000-2.png,2,KMT,0,True Information,0,Like,0,21,4.032921811,2.6441564,1,0,1,0,2,4.405555556,11.1099337,0
40,Control,0,000-3,000-3.png,3,KMT,0,True Information,0,Like,0,19,2.002743484,3.6270539,0,0,1,0,1,7.627777778,2.7477895,2
40,Control,0,001-1,001-1.png,1,KMT,0,True Information,0,Anger,1,17,2.023319616,3.6070991,2,6,1,6,0,6.727777778,10.4751096,1
40,Control,0,001-2,001-2.png,2,KMT,0,True Information,0,Anger,1,15,1.042524005,8.7289704,1,6,1,6,2,7.622222222,3.5808905,0
40,Control,0,001-3,001-3.png,3,KMT,0,True Information,0,Anger,1,13,2.983539095,9.0642138,0,6,1,6,1,6.683333333,2.7991688,2
40,Control,0,010-1,010-1.png,1,KMT,0,Misinformation,1,Like,0,11,8.024691358,13.2690829,2,0,1,0,0,2.366666667,7.4534069,1
40,Control,0,010-2,010-2.png,2,KMT,0,Misinformation,1,Like,0,9,9.080932785,3.9856951,1,0,1,0,2,1.694444444,3.8855172,0
40,Control,0,010-3,010-3.png,3,KMT,0,Misinformation,1,Like,0,7,9.50617284,7.7414759,0,0,1,0,1,3.372222222,3.3544306,2
40,Control,0,011-1,011-1.png,1,KMT,0,Misinformation,1,Anger,1,5,10,2.0096124,2,6,1,6,0,1,4.8218749,1
40,Control,0,011-2,011-2.png,2,KMT,0,Misinformation,1,Anger,1,3,10,3.4426858,1,6,1,6,2,1,4.3105713,0
40,Control,0,011-3,011-3.png,3,KMT,0,Misinformation,1,Anger,1,1,10,2.8923001,0,6,1,6,1,1,4.8729383,2
40,Control,0,100-1,100-1.png,1,DPP,1,True Information,0,Like,0,2,8.978052126,8.7540172,0,0,1,0,2,2.861111111,6.1819687,1
40,Control,0,100-2,100-2.png,2,DPP,1,True Information,0,Like,0,4,4.053497942,11.8847178,2,0,1,0,1,6.594444444,33.5815486,0
40,Control,0,100-3,100-3.png,3,DPP,1,True Information,0,Like,0,6,2.578875171,29.7467993,1,0,1,0,0,6.627777778,7.6637206,2
40,Control,0,101-1,101-1.png,1,DPP,1,True Information,0,Anger,1,8,2.023319616,9.7201622,0,6,0,0,2,6.6,3.2339085,1
40,Control,0,101-2,101-2.png,2,DPP,1,True Information,0,Anger,1,10,4.032921811,4.344249,2,6,1,6,1,4.694444444,9.3423166,0
40,Control,0,101-3,101-3.png,3,DPP,1,True Information,0,Anger,1,12,6.028806584,10.767766,1,6,1,6,0,4.55,4.0673362,2
40,Control,0,110-1,110-1.png,1,DPP,1,Misinformation,1,Like,0,14,10,7.4991103,0,0,1,0,2,2.433333333,5.2929491,1
40,Control,0,110-2,110-2.png,2,DPP,1,Misinformation,1,Like,0,16,9.609053498,11.9068924,2,0,1,0,1,3.383333333,3.456658,0
40,Control,0,110-3,110-3.png,3,DPP,1,Misinformation,1,Like,0,18,7.037037037,6.1651321,1,0,1,0,0,6.638888889,13.4409776,2
40,Control,0,111-1,111-1.png,1,DPP,1,Misinformation,1,Anger,1,20,9.773662551,7.3082356,0,6,1,6,2,1.222222222,2.8788673,1
40,Control,0,111-2,111-2.png,2,DPP,1,Misinformation,1,Anger,1,22,7.016460905,4.0814407,2,6,1,6,1,4.944444444,8.0721552,0
40,Control,0,111-3,111-3.png,3,DPP,1,Misinformation,1,Anger,1,24,10,5.1109898,1,6,1,6,0,3.205555556,2.5281593,2
41,Prebunk,1,000-1,000-1.png,1,KMT,0,True Information,0,Like,0,24,3.847736626,14.6133689,1,0,1,0,0,7.4,4.5628422,2
41,Prebunk,1,000-2,000-2.png,2,KMT,0,True Information,0,Like,0,23,2.997256516,5.5619372,2,0,1,0,0,7.022222222,9.931625,1
41,Prebunk,1,000-3,000-3.png,3,KMT,0,True Information,0,Like,0,21,3.971193416,4.9523566,1,0,1,0,2,6.616666667,2.8433975,0
41,Prebunk,1,001-1,001-1.png,1,KMT,0,True Information,0,Anger,1,19,4.128943759,17.5102254,0,6,1,6,1,7.266666667,3.9327655,2
41,Prebunk,1,001-2,001-2.png,2,KMT,0,True Information,0,Anger,1,17,2.469135802,6.2299873,2,6,1,6,0,7.355555556,9.0207482,1
41,Prebunk,1,001-3,001-3.png,3,KMT,0,True Information,0,Anger,1,15,5.219478738,11.2680555,1,6,1,6,2,5.538888889,4.6839016,0
41,Prebunk,1,010-1,010-1.png,1,KMT,0,Misinformation,1,Like,0,13,9.588477366,3.8203843,0,0,1,0,1,3.927777778,6.0344885,2
41,Prebunk,1,010-2,010-2.png,2,KMT,0,Misinformation,1,Like,0,11,10,4.74839,2,0,1,0,0,3.288888889,3.6829183,1
41,Prebunk,1,010-3,010-3.png,3,KMT,0,Misinformation,1,Like,0,9,9.547325103,8.3069111,1,0,1,0,2,2.5,5.5737464,0
41,Prebunk,1,011-1,011-1.png,1,KMT,0,Misinformation,1,Anger,1,7,9.993141289,12.8207694,0,6,1,6,1,2.738888889,6.9618979,2
41,Prebunk,1,011-2,011-2.png,2,KMT,0,Misinformation,1,Anger,1,5,9.698216735,2.62571,2,6,1,6,0,3.483333333,18.9835027,1
41,Prebunk,1,011-3,011-3.png,3,KMT,0,Misinformation,1,Anger,1,3,9.842249657,5.4958125,1,6,1,6,2,2.905555556,4.1777845,0
41,Prebunk,1,100-1,100-1.png,1,DPP,1,True Information,0,Like,0,1,3.936899863,13.5880657,0,0,1,0,1,5.777777778,6.8588748,2
41,Prebunk,1,100-2,100-2.png,2,DPP,1,True Information,0,Like,0,2,7.633744856,6.2996586,0,0,1,0,2,6.277777778,12.0762226,1
41,Prebunk,1,100-3,100-3.png,3,DPP,1,True Information,0,Like,0,4,2.592592593,6.4296503,2,0,1,0,1,7.666666667,4.5177044,0
41,Prebunk,1,101-1,101-1.png,1,DPP,1,True Information,0,Anger,1,6,7.030178326,5.0986992,1,6,0,0,0,5.527777778,16.2078131,2
41,Prebunk,1,101-2,101-2.png,2,DPP,1,True Information,0,Anger,1,8,4.574759945,13.2162905,0,6,1,6,2,6.438888889,7.1058947,1
41,Prebunk,1,101-3,101-3.png,3,DPP,1,True Information,0,Anger,1,10,3.991769547,9.8961226,2,6,1,6,1,6.4,8.191461,0
41,Prebunk,1,110-1,110-1.png,1,DPP,1,Misinformation,1,Like,0,12,9.657064472,10.7917492,1,0,1,0,0,3.405555556,2.8881982,2
41,Prebunk,1,110-2,110-2.png,2,DPP,1,Misinformation,1,Like,0,14,9.903978052,7.4447672,0,0,1,0,2,3.388888889,15.118474,1
41,Prebunk,1,110-3,110-3.png,3,DPP,1,Misinformation,1,Like,0,16,7.942386831,6.0217181,2,0,1,0,1,4.433333333,18.3114397,0
41,Prebunk,1,111-1,111-1.png,1,DPP,1,Misinformation,1,Anger,1,18,8.196159122,15.5151689,1,6,1,6,0,3.483333333,3.0952262,2
41,Prebunk,1,111-2,111-2.png,2,DPP,1,Misinformation,1,Anger,1,20,9.348422497,4.7920006,0,6,1,6,2,2.45,4.6993462,1
41,Prebunk,1,111-3,111-3.png,3,DPP,1,Misinformation,1,Anger,1,22,9.156378601,13.5119361,2,6,1,6,1,3.416666667,3.1555873,0
42,Control,0,000-1,000-1.png,1,KMT,0,True Information,0,Like,0,22,0.1371742112,5.718084574,2,0,1,0,1,5.5,3.149065256,0
42,Control,0,000-2,000-2.png,2,KMT,0,True Information,0,Like,0,24,0.1714677641,11.75348353,1,0,1,0,0,5.477777778,2.848670006,2
42,Control,0,000-3,000-3.png,3,KMT,0,True Information,0,Like,0,23,0,4.845416307,2,0,1,0,0,5.45,4.905000448,1
42,Control,0,001-1,001-1.png,1,KMT,0,True Information,0,Anger,1,21,5.987654321,7.967051029,1,6,1,6,2,5.522222222,2.269959927,0
42,Control,0,001-2,001-2.png,2,KMT,0,True Information,0,Anger,1,19,0.2126200274,31.01916361,0,0,0,6,1,5.522222222,8.473847628,2
42,Control,0,001-3,001-3.png,3,KMT,0,True Information,0,Anger,1,17,3.017832647,9.723335028,2,6,1,6,0,5.538888889,3.26808548,1
42,Control,0,010-1,010-1.png,1,KMT,0,Misinformation,1,Like,0,15,2.976680384,3.220918894,1,0,1,0,2,5.511111111,2.001596928,0
42,Control,0,010-2,010-2.png,2,KMT,0,Misinformation,1,Like,0,13,0.3223593964,18.22495651,0,0,1,0,1,5.533333333,10.82726216,2
42,Control,0,010-3,010-3.png,3,KMT,0,Misinformation,1,Like,0,11,4.965706447,16.6648047,2,0,1,0,0,5.505555556,3.23153162,1
42,Control,0,011-1,011-1.png,1,KMT,0,Misinformation,1,Anger,1,9,2.496570645,6.134843111,1,6,1,6,2,5.483333333,2.269229889,0
42,Control,0,011-2,011-2.png,2,KMT,0,Misinformation,1,Anger,1,7,5.041152263,3.168661594,0,6,1,6,1,5.516666667,2.647111177,2
42,Control,0,011-3,011-3.png,3,KMT,0,Misinformation,1,Anger,1,5,5.171467764,5.255280018,2,6,1,6,0,5.516666667,7.482207537,1
42,Control,0,100-1,100-1.png,1,DPP,1,True Information,0,Like,0,3,3.072702332,7.479147434,1,0,1,0,2,5.511111111,2.903039217,0
42,Control,0,100-2,100-2.png,2,DPP,1,True Information,0,Like,0,1,0,11.58682513,0,0,1,0,1,6.961111111,7.840757847,2
42,Control,0,100-3,100-3.png,3,DPP,1,True Information,0,Like,0,2,3.0521262,20.6637094,0,0,1,0,2,5.527777778,3.387729883,1
42,Control,0,101-1,101-1.png,1,DPP,1,True Information,0,Anger,1,4,5.061728395,7.324131489,2,6,0,0,1,5.555555556,3.741193295,0
42,Control,0,101-2,101-2.png,2,DPP,1,True Information,0,Anger,1,6,5.089163237,5.695778608,1,6,1,6,0,5.527777778,3.326589823,2
42,Control,0,101-3,101-3.png,3,DPP,1,True Information,0,Anger,1,8,2.030178326,8.938422441,0,6,1,6,2,5.472222222,2.559556246,1
42,Control,0,110-1,110-1.png,1,DPP,1,Misinformation,1,Like,0,10,2.517146776,8.550070286,2,0,1,0,1,5.472222222,3.84181428,0
42,Control,0,110-2,110-2.png,2,DPP,1,Misinformation,1,Like,0,12,5.020576132,12.77366996,1,0,1,0,0,5.538888889,2.644483328,2
42,Control,0,110-3,110-3.png,3,DPP,1,Misinformation,1,Like,0,14,0.07544581619,11.61432743,0,0,1,0,2,5.416666667,2.969962835,1
42,Control,0,111-1,111-1.png,1,DPP,1,Misinformation,1,Anger,1,16,3.017832647,14.27997446,2,6,1,6,1,5.577777778,3.988740444,0
42,Control,0,111-2,111-2.png,2,DPP,1,Misinformation,1,Anger,1,18,4.986282579,5.200576782,1,6,1,6,0,5.466666667,2.177498341,2
42,Control,0,111-3,111-3.png,3,DPP,1,Misinformation,1,Anger,1,20,8.971193416,4.528463125,0,6,1,6,2,5.538888889,2.340270996,1
43,Prebunk,1,000-1,000-1.png,1,KMT,0,True Information,0,Like,0,20,3.031550069,11.88965869,0,0,1,0,2,6.483333333,3.470775604,1
43,Prebunk,1,000-2,000-2.png,2,KMT,0,True Information,0,Like,0,22,2.304526749,2.387547493,2,0,1,0,1,6.694444444,2.552324772,0
43,Prebunk,1,000-3,000-3.png,3,KMT,0,True Information,0,Like,0,24,4.382716049,17.01928329,1,0,1,0,0,6.927777778,4.814465046,2
43,Prebunk,1,001-1,001-1.png,1,KMT,0,True Information,0,Anger,1,23,4.917695473,12.61012149,2,6,1,6,0,5.694444444,6.380934477,1
43,Prebunk,1,001-2,001-2.png,2,KMT,0,True Information,0,Anger,1,21,0.3772290809,6.190439463,1,6,1,6,2,4.605555556,4.59318471,0
43,Prebunk,1,001-3,001-3.png,3,KMT,0,True Information,0,Anger,1,19,3.950617284,13.64948273,0,6,1,6,1,4.644444444,22.42209911,2
43,Prebunk,1,010-1,010-1.png,1,KMT,0,Misinformation,1,Like,0,17,2.181069959,6.827335119,2,0,1,0,0,6.2,9.095211506,1
43,Prebunk,1,010-2,010-2.png,2,KMT,0,Misinformation,1,Like,0,15,3.923182442,2.875371695,1,0,1,0,2,6.583333333,14.75923896,0
43,Prebunk,1,010-3,010-3.png,3,KMT,0,Misinformation,1,Like,0,13,5.315500686,9.627615929,0,0,1,0,1,3.777777778,4.929081202,2
43,Prebunk,1,011-1,011-1.png,1,KMT,0,Misinformation,1,Anger,1,11,5.49382716,5.69039464,2,6,1,6,0,3.288888889,2.155660152,1
43,Prebunk,1,011-2,011-2.png,2,KMT,0,Misinformation,1,Anger,1,9,7.379972565,3.387488365,1,6,1,6,2,3.855555556,10.92854738,0
43,Prebunk,1,011-3,011-3.png,3,KMT,0,Misinformation,1,Anger,1,7,7.325102881,5.744581699,0,6,1,6,1,4.783333333,15.14623046,2
43,Prebunk,1,100-1,100-1.png,1,DPP,1,True Information,0,Like,0,5,4.396433471,9.162487984,2,0,1,0,0,6.066666667,8.322419405,1
43,Prebunk,1,100-2,100-2.png,2,DPP,1,True Information,0,Like,0,3,6.570644719,7.998677492,1,0,1,0,2,7.627777778,8.928878069,0
43,Prebunk,1,100-3,100-3.png,3,DPP,1,True Information,0,Like,0,1,4.046639232,13.1807127,0,0,1,0,1,4.45,11.53496933,2
