"file","canonical_relative_path"
"T11","engine/baseline/tables/T11_primary_fixed_effects.csv"
"T14","engine/baseline/tables/T14_primary_estimated_marginal_means.csv"
"T23","engine/baseline/tables/T23_exact_item_randomization_tests.csv"
"T44","engine/baseline/tables/T44_RT_within_between_LMM.csv"
"P03","engine/followup/tables/P03_political_core_family_correction.csv"
"J02","engine/followup/tables/J02_stacked_joint_fixed_effects.csv"
"J03","engine/followup/tables/J03_stacked_joint_key_cross_outcome_tests.csv"
"E03","engine/additional_locked/E03_AUC_interaction_checks.csv"
"E07","engine/additional_locked/E07_RT_conflict_by_prebunk.csv"
